base_year_month,time_range,sex,age_range,user_count
201901,09~12,남성,20대 이하,33760
201901,09~12,남성,30대,132276
201901,09~12,남성,40대,173193
201901,09~12,남성,50대,108671
201901,09~12,남성,60대,37139
201901,09~12,남성,70대 이상,6627
201901,09~12,여성,20대 이하,52114
201901,09~12,여성,30대,129222
201901,09~12,여성,40대,151925
201901,09~12,여성,50대,94288
201901,09~12,여성,60대,25529
201901,09~12,여성,70대 이상,5778
201901,12~15,남성,20대 이하,83178
201901,12~15,남성,30대,327138
201901,12~15,남성,40대,451692
201901,12~15,남성,50대,291489
201901,12~15,남성,60대,104893
201901,12~15,남성,70대 이상,26415
201901,12~15,여성,20대 이하,137242
201901,12~15,여성,30대,309188
201901,12~15,여성,40대,402645
201901,12~15,여성,50대,255525
201901,12~15,여성,60대,75851
201901,12~15,여성,70대 이상,15647
201901,15~18,남성,20대 이하,56660
201901,15~18,남성,30대,186396
201901,15~18,남성,40대,228743
201901,15~18,남성,50대,134099
201901,15~18,남성,60대,42794
201901,15~18,남성,70대 이상,9353
201901,15~18,여성,20대 이하,101415
201901,15~18,여성,30대,209234
201901,15~18,여성,40대,251834
201901,15~18,여성,50대,151900
201901,15~18,여성,60대,43180
201901,15~18,여성,70대 이상,7982
201901,18~21,남성,20대 이하,89249
201901,18~21,남성,30대,293417
201901,18~21,남성,40대,397669
201901,18~21,남성,50대,261874
201901,18~21,남성,60대,83724
201901,18~21,남성,70대 이상,15186
201901,18~21,여성,20대 이하,135073
201901,18~21,여성,30대,242012
201901,18~21,여성,40대,311974
201901,18~21,여성,50대,205282
201901,18~21,여성,60대,51914
201901,18~21,여성,70대 이상,8640
201901,21~24,남성,20대 이하,55196
201901,21~24,남성,30대,153854
201901,21~24,남성,40대,180259
201901,21~24,남성,50대,111606
201901,21~24,남성,60대,25759
201901,21~24,남성,70대 이상,2982
201901,21~24,여성,20대 이하,65323
201901,21~24,여성,30대,85887
201901,21~24,여성,40대,107624
201901,21~24,여성,50대,70464
201901,21~24,여성,60대,14058
201901,21~24,여성,70대 이상,2804
201901,기타,남성,20대 이하,36553
201901,기타,남성,30대,84724
201901,기타,남성,40대,95377
201901,기타,남성,50대,61148
201901,기타,남성,60대,17854
201901,기타,남성,70대 이상,2264
201901,기타,여성,20대 이하,34423
201901,기타,여성,30대,42861
201901,기타,여성,40대,49127
201901,기타,여성,50대,33246
201901,기타,여성,60대,9420
201901,기타,여성,70대 이상,1586
201902,09~12,남성,20대 이하,31344
201902,09~12,남성,30대,121457
201902,09~12,남성,40대,161565
201902,09~12,남성,50대,100239
201902,09~12,남성,60대,32579
201902,09~12,남성,70대 이상,6015
201902,09~12,여성,20대 이하,46944
201902,09~12,여성,30대,113194
201902,09~12,여성,40대,136749
201902,09~12,여성,50대,85686
201902,09~12,여성,60대,22797
201902,09~12,여성,70대 이상,4659
201902,12~15,남성,20대 이하,74444
201902,12~15,남성,30대,293106
201902,12~15,남성,40대,397617
201902,12~15,남성,50대,255623
201902,12~15,남성,60대,92925
201902,12~15,남성,70대 이상,24013
201902,12~15,여성,20대 이하,116019
201902,12~15,여성,30대,269916
201902,12~15,여성,40대,346429
201902,12~15,여성,50대,219295
201902,12~15,여성,60대,63874
201902,12~15,여성,70대 이상,12326
201902,15~18,남성,20대 이하,52988
201902,15~18,남성,30대,179575
201902,15~18,남성,40대,219412
201902,15~18,남성,50대,125892
201902,15~18,남성,60대,40356
201902,15~18,남성,70대 이상,8176
201902,15~18,여성,20대 이하,91720
201902,15~18,여성,30대,186761
201902,15~18,여성,40대,225537
201902,15~18,여성,50대,132009
201902,15~18,여성,60대,37946
201902,15~18,여성,70대 이상,6757
201902,18~21,남성,20대 이하,77861
201902,18~21,남성,30대,268994
201902,18~21,남성,40대,359769
201902,18~21,남성,50대,224055
201902,18~21,남성,60대,74217
201902,18~21,남성,70대 이상,13874
201902,18~21,여성,20대 이하,114471
201902,18~21,여성,30대,212936
201902,18~21,여성,40대,278274
201902,18~21,여성,50대,173410
201902,18~21,여성,60대,47764
201902,18~21,여성,70대 이상,8751
201902,21~24,남성,20대 이하,51436
201902,21~24,남성,30대,143913
201902,21~24,남성,40대,166850
201902,21~24,남성,50대,94867
201902,21~24,남성,60대,23241
201902,21~24,남성,70대 이상,2951
201902,21~24,여성,20대 이하,58632
201902,21~24,여성,30대,80530
201902,21~24,여성,40대,94144
201902,21~24,여성,50대,58555
201902,21~24,여성,60대,13088
201902,21~24,여성,70대 이상,2571
201902,기타,남성,20대 이하,33774
201902,기타,남성,30대,77609
201902,기타,남성,40대,80599
201902,기타,남성,50대,52695
201902,기타,남성,60대,14310
201902,기타,남성,70대 이상,2070
201902,기타,여성,20대 이하,29787
201902,기타,여성,30대,39011
201902,기타,여성,40대,41043
201902,기타,여성,50대,29144
201902,기타,여성,60대,7428
201902,기타,여성,70대 이상,1836
201903,09~12,남성,20대 이하,40451
201903,09~12,남성,30대,150544
201903,09~12,남성,40대,168688
201903,09~12,남성,50대,110597
201903,09~12,남성,60대,40512
201903,09~12,남성,70대 이상,7457
201903,09~12,여성,20대 이하,65018
201903,09~12,여성,30대,147589
201903,09~12,여성,40대,139404
201903,09~12,여성,50대,99199
201903,09~12,여성,60대,29463
201903,09~12,여성,70대 이상,6598
201903,12~15,남성,20대 이하,91066
201903,12~15,남성,30대,346710
201903,12~15,남성,40대,408213
201903,12~15,남성,50대,276139
201903,12~15,남성,60대,111100
201903,12~15,남성,70대 이상,29485
201903,12~15,여성,20대 이하,152802
201903,12~15,여성,30대,327540
201903,12~15,여성,40대,353005
201903,12~15,여성,50대,250122
201903,12~15,여성,60대,80161
201903,12~15,여성,70대 이상,17716
201903,15~18,남성,20대 이하,62576
201903,15~18,남성,30대,200005
201903,15~18,남성,40대,208598
201903,15~18,남성,50대,124566
201903,15~18,남성,60대,44805
201903,15~18,남성,70대 이상,9183
201903,15~18,여성,20대 이하,114889
201903,15~18,여성,30대,219759
201903,15~18,여성,40대,217314
201903,15~18,여성,50대,142447
201903,15~18,여성,60대,43715
201903,15~18,여성,70대 이상,8012
201903,18~21,남성,20대 이하,94303
201903,18~21,남성,30대,307896
201903,18~21,남성,40대,359682
201903,18~21,남성,50대,238862
201903,18~21,남성,60대,89318
201903,18~21,남성,70대 이상,17032
201903,18~21,여성,20대 이하,142270
201903,18~21,여성,30대,253661
201903,18~21,여성,40대,281109
201903,18~21,여성,50대,201636
201903,18~21,여성,60대,57700
201903,18~21,여성,70대 이상,9548
201903,21~24,남성,20대 이하,57848
201903,21~24,남성,30대,157128
201903,21~24,남성,40대,171568
201903,21~24,남성,50대,109301
201903,21~24,남성,60대,28241
201903,21~24,남성,70대 이상,3608
201903,21~24,여성,20대 이하,69253
201903,21~24,여성,30대,88410
201903,21~24,여성,40대,99646
201903,21~24,여성,50대,66963
201903,21~24,여성,60대,15761
201903,21~24,여성,70대 이상,2740
201903,기타,남성,20대 이하,38113
201903,기타,남성,30대,85130
201903,기타,남성,40대,95991
201903,기타,남성,50대,63248
201903,기타,남성,60대,18877
201903,기타,남성,70대 이상,3105
201903,기타,여성,20대 이하,35141
201903,기타,여성,30대,44381
201903,기타,여성,40대,48197
201903,기타,여성,50대,33843
201903,기타,여성,60대,9787
201903,기타,여성,70대 이상,2441
201904,09~12,남성,20대 이하,40299
201904,09~12,남성,30대,157324
201904,09~12,남성,40대,169373
201904,09~12,남성,50대,108855
201904,09~12,남성,60대,42288
201904,09~12,남성,70대 이상,8224
201904,09~12,여성,20대 이하,65965
201904,09~12,여성,30대,153809
201904,09~12,여성,40대,145057
201904,09~12,여성,50대,97420
201904,09~12,여성,60대,31873
201904,09~12,여성,70대 이상,5636
201904,12~15,남성,20대 이하,90855
201904,12~15,남성,30대,350074
201904,12~15,남성,40대,419521
201904,12~15,남성,50대,271024
201904,12~15,남성,60대,110758
201904,12~15,남성,70대 이상,27388
201904,12~15,여성,20대 이하,149332
201904,12~15,여성,30대,327594
201904,12~15,여성,40대,347412
201904,12~15,여성,50대,239639
201904,12~15,여성,60대,84286
201904,12~15,여성,70대 이상,16781
201904,15~18,남성,20대 이하,61725
201904,15~18,남성,30대,199958
201904,15~18,남성,40대,206493
201904,15~18,남성,50대,115249
201904,15~18,남성,60대,46001
201904,15~18,남성,70대 이상,9828
201904,15~18,여성,20대 이하,110332
201904,15~18,여성,30대,213989
201904,15~18,여성,40대,213925
201904,15~18,여성,50대,139003
201904,15~18,여성,60대,42874
201904,15~18,여성,70대 이상,8263
201904,18~21,남성,20대 이하,94573
201904,18~21,남성,30대,318723
201904,18~21,남성,40대,364947
201904,18~21,남성,50대,238842
201904,18~21,남성,60대,87152
201904,18~21,남성,70대 이상,17964
201904,18~21,여성,20대 이하,138743
201904,18~21,여성,30대,251844
201904,18~21,여성,40대,283974
201904,18~21,여성,50대,195473
201904,18~21,여성,60대,57891
201904,18~21,여성,70대 이상,10398
201904,21~24,남성,20대 이하,62055
201904,21~24,남성,30대,155407
201904,21~24,남성,40대,171829
201904,21~24,남성,50대,106942
201904,21~24,남성,60대,29448
201904,21~24,남성,70대 이상,3772
201904,21~24,여성,20대 이하,69574
201904,21~24,여성,30대,88578
201904,21~24,여성,40대,101575
201904,21~24,여성,50대,68615
201904,21~24,여성,60대,15435
201904,21~24,여성,70대 이상,2474
201904,기타,남성,20대 이하,38245
201904,기타,남성,30대,80086
201904,기타,남성,40대,94522
201904,기타,남성,50대,62003
201904,기타,남성,60대,20978
201904,기타,남성,70대 이상,3237
201904,기타,여성,20대 이하,37689
201904,기타,여성,30대,48460
201904,기타,여성,40대,51799
201904,기타,여성,50대,37317
201904,기타,여성,60대,10277
201904,기타,여성,70대 이상,2059
201905,09~12,남성,20대 이하,44055
201905,09~12,남성,30대,173725
201905,09~12,남성,40대,195983
201905,09~12,남성,50대,112389
201905,09~12,남성,60대,41511
201905,09~12,남성,70대 이상,9273
201905,09~12,여성,20대 이하,66012
201905,09~12,여성,30대,164589
201905,09~12,여성,40대,159421
201905,09~12,여성,50대,98954
201905,09~12,여성,60대,31139
201905,09~12,여성,70대 이상,6592
201905,12~15,남성,20대 이하,98423
201905,12~15,남성,30대,386742
201905,12~15,남성,40대,465355
201905,12~15,남성,50대,287121
201905,12~15,남성,60대,112202
201905,12~15,남성,70대 이상,30408
201905,12~15,여성,20대 이하,159218
201905,12~15,여성,30대,347312
201905,12~15,여성,40대,384439
201905,12~15,여성,50대,243967
201905,12~15,여성,60대,83903
201905,12~15,여성,70대 이상,17441
201905,15~18,남성,20대 이하,64855
201905,15~18,남성,30대,217025
201905,15~18,남성,40대,236247
201905,15~18,남성,50대,125840
201905,15~18,남성,60대,43099
201905,15~18,남성,70대 이상,9979
201905,15~18,여성,20대 이하,119527
201905,15~18,여성,30대,227163
201905,15~18,여성,40대,240804
201905,15~18,여성,50대,139903
201905,15~18,여성,60대,45218
201905,15~18,여성,70대 이상,9327
201905,18~21,남성,20대 이하,100076
201905,18~21,남성,30대,348983
201905,18~21,남성,40대,411970
201905,18~21,남성,50대,257151
201905,18~21,남성,60대,90605
201905,18~21,남성,70대 이상,18475
201905,18~21,여성,20대 이하,150103
201905,18~21,여성,30대,276308
201905,18~21,여성,40대,324022
201905,18~21,여성,50대,204804
201905,18~21,여성,60대,58992
201905,18~21,여성,70대 이상,10616
201905,21~24,남성,20대 이하,65079
201905,21~24,남성,30대,175116
201905,21~24,남성,40대,195358
201905,21~24,남성,50대,122214
201905,21~24,남성,60대,31643
201905,21~24,남성,70대 이상,4495
201905,21~24,여성,20대 이하,75239
201905,21~24,여성,30대,98630
201905,21~24,여성,40대,118125
201905,21~24,여성,50대,74035
201905,21~24,여성,60대,16489
201905,21~24,여성,70대 이상,2998
201905,기타,남성,20대 이하,41354
201905,기타,남성,30대,91309
201905,기타,남성,40대,104964
201905,기타,남성,50대,68763
201905,기타,남성,60대,20004
201905,기타,남성,70대 이상,2987
201905,기타,여성,20대 이하,38755
201905,기타,여성,30대,52110
201905,기타,여성,40대,57488
201905,기타,여성,50대,40140
201905,기타,여성,60대,11079
201905,기타,여성,70대 이상,2416
201906,09~12,남성,20대 이하,45537
201906,09~12,남성,30대,182034
201906,09~12,남성,40대,198500
201906,09~12,남성,50대,105429
201906,09~12,남성,60대,36681
201906,09~12,남성,70대 이상,7229
201906,09~12,여성,20대 이하,70605
201906,09~12,여성,30대,172405
201906,09~12,여성,40대,166543
201906,09~12,여성,50대,95925
201906,09~12,여성,60대,30219
201906,09~12,여성,70대 이상,5582
201906,12~15,남성,20대 이하,102131
201906,12~15,남성,30대,391099
201906,12~15,남성,40대,463761
201906,12~15,남성,50대,273388
201906,12~15,남성,60대,103395
201906,12~15,남성,70대 이상,29401
201906,12~15,여성,20대 이하,166869
201906,12~15,여성,30대,373217
201906,12~15,여성,40대,382121
201906,12~15,여성,50대,234640
201906,12~15,여성,60대,80887
201906,12~15,여성,70대 이상,16962
201906,15~18,남성,20대 이하,70711
201906,15~18,남성,30대,235623
201906,15~18,남성,40대,241895
201906,15~18,남성,50대,124076
201906,15~18,남성,60대,41546
201906,15~18,남성,70대 이상,9174
201906,15~18,여성,20대 이하,123994
201906,15~18,여성,30대,243711
201906,15~18,여성,40대,236816
201906,15~18,여성,50대,140531
201906,15~18,여성,60대,42252
201906,15~18,여성,70대 이상,7161
201906,18~21,남성,20대 이하,106911
201906,18~21,남성,30대,350621
201906,18~21,남성,40대,408642
201906,18~21,남성,50대,243689
201906,18~21,남성,60대,85525
201906,18~21,남성,70대 이상,17968
201906,18~21,여성,20대 이하,152351
201906,18~21,여성,30대,287537
201906,18~21,여성,40대,318046
201906,18~21,여성,50대,199758
201906,18~21,여성,60대,60300
201906,18~21,여성,70대 이상,10942
201906,21~24,남성,20대 이하,68519
201906,21~24,남성,30대,180603
201906,21~24,남성,40대,197587
201906,21~24,남성,50대,119272
201906,21~24,남성,60대,30301
201906,21~24,남성,70대 이상,4173
201906,21~24,여성,20대 이하,78525
201906,21~24,여성,30대,108924
201906,21~24,여성,40대,120594
201906,21~24,여성,50대,79813
201906,21~24,여성,60대,18225
201906,21~24,여성,70대 이상,2754
201906,기타,남성,20대 이하,44492
201906,기타,남성,30대,98051
201906,기타,남성,40대,106603
201906,기타,남성,50대,69042
201906,기타,남성,60대,19889
201906,기타,남성,70대 이상,2996
201906,기타,여성,20대 이하,40388
201906,기타,여성,30대,51665
201906,기타,여성,40대,55401
201906,기타,여성,50대,39889
201906,기타,여성,60대,10410
201906,기타,여성,70대 이상,1741
201907,09~12,남성,20대 이하,49674
201907,09~12,남성,30대,172497
201907,09~12,남성,40대,212744
201907,09~12,남성,50대,113386
201907,09~12,남성,60대,36970
201907,09~12,남성,70대 이상,8101
201907,09~12,여성,20대 이하,76876
201907,09~12,여성,30대,174683
201907,09~12,여성,40대,179723
201907,09~12,여성,50대,95201
201907,09~12,여성,60대,28182
201907,09~12,여성,70대 이상,5969
201907,12~15,남성,20대 이하,120181
201907,12~15,남성,30대,400360
201907,12~15,남성,40대,516027
201907,12~15,남성,50대,298815
201907,12~15,남성,60대,110776
201907,12~15,남성,70대 이상,29028
201907,12~15,여성,20대 이하,185045
201907,12~15,여성,30대,392318
201907,12~15,여성,40대,433239
201907,12~15,여성,50대,251565
201907,12~15,여성,60대,80774
201907,12~15,여성,70대 이상,17094
201907,15~18,남성,20대 이하,77883
201907,15~18,남성,30대,233518
201907,15~18,남성,40대,267558
201907,15~18,남성,50대,134732
201907,15~18,남성,60대,42639
201907,15~18,남성,70대 이상,9669
201907,15~18,여성,20대 이하,131865
201907,15~18,여성,30대,247211
201907,15~18,여성,40대,271657
201907,15~18,여성,50대,145323
201907,15~18,여성,60대,43368
201907,15~18,여성,70대 이상,8531
201907,18~21,남성,20대 이하,122099
201907,18~21,남성,30대,352608
201907,18~21,남성,40대,452754
201907,18~21,남성,50대,265045
201907,18~21,남성,60대,83397
201907,18~21,남성,70대 이상,17736
201907,18~21,여성,20대 이하,163208
201907,18~21,여성,30대,304825
201907,18~21,여성,40대,356678
201907,18~21,여성,50대,204114
201907,18~21,여성,60대,59355
201907,18~21,여성,70대 이상,11750
201907,21~24,남성,20대 이하,74161
201907,21~24,남성,30대,181492
201907,21~24,남성,40대,210729
201907,21~24,남성,50대,123377
201907,21~24,남성,60대,29062
201907,21~24,남성,70대 이상,4578
201907,21~24,여성,20대 이하,85273
201907,21~24,여성,30대,111337
201907,21~24,여성,40대,131229
201907,21~24,여성,50대,79039
201907,21~24,여성,60대,18729
201907,21~24,여성,70대 이상,3681
201907,기타,남성,20대 이하,44670
201907,기타,남성,30대,90903
201907,기타,남성,40대,100418
201907,기타,남성,50대,63376
201907,기타,남성,60대,18133
201907,기타,남성,70대 이상,2909
201907,기타,여성,20대 이하,39385
201907,기타,여성,30대,49731
201907,기타,여성,40대,56457
201907,기타,여성,50대,35969
201907,기타,여성,60대,10649
201907,기타,여성,70대 이상,2067
201908,09~12,남성,20대 이하,60806
201908,09~12,남성,30대,205478
201908,09~12,남성,40대,246476
201908,09~12,남성,50대,128621
201908,09~12,남성,60대,38598
201908,09~12,남성,70대 이상,8740
201908,09~12,여성,20대 이하,90557
201908,09~12,여성,30대,198219
201908,09~12,여성,40대,207071
201908,09~12,여성,50대,105356
201908,09~12,여성,60대,33008
201908,09~12,여성,70대 이상,7050
201908,12~15,남성,20대 이하,144256
201908,12~15,남성,30대,457567
201908,12~15,남성,40대,579502
201908,12~15,남성,50대,319218
201908,12~15,남성,60대,113576
201908,12~15,남성,70대 이상,29810
201908,12~15,여성,20대 이하,211941
201908,12~15,여성,30대,427774
201908,12~15,여성,40대,481508
201908,12~15,여성,50대,269416
201908,12~15,여성,60대,82594
201908,12~15,여성,70대 이상,17651
201908,15~18,남성,20대 이하,91668
201908,15~18,남성,30대,264298
201908,15~18,남성,40대,309177
201908,15~18,남성,50대,148489
201908,15~18,남성,60대,44974
201908,15~18,남성,70대 이상,9749
201908,15~18,여성,20대 이하,151595
201908,15~18,여성,30대,273951
201908,15~18,여성,40대,300242
201908,15~18,여성,50대,155934
201908,15~18,여성,60대,45231
201908,15~18,여성,70대 이상,8737
201908,18~21,남성,20대 이하,138687
201908,18~21,남성,30대,410531
201908,18~21,남성,40대,512861
201908,18~21,남성,50대,282325
201908,18~21,남성,60대,93669
201908,18~21,남성,70대 이상,18761
201908,18~21,여성,20대 이하,191461
201908,18~21,여성,30대,339268
201908,18~21,여성,40대,397524
201908,18~21,여성,50대,221000
201908,18~21,여성,60대,65410
201908,18~21,여성,70대 이상,12228
201908,21~24,남성,20대 이하,89297
201908,21~24,남성,30대,209500
201908,21~24,남성,40대,234798
201908,21~24,남성,50대,132053
201908,21~24,남성,60대,31025
201908,21~24,남성,70대 이상,3830
201908,21~24,여성,20대 이하,97845
201908,21~24,여성,30대,129385
201908,21~24,여성,40대,144833
201908,21~24,여성,50대,85283
201908,21~24,여성,60대,20298
201908,21~24,여성,70대 이상,4008
201908,기타,남성,20대 이하,50248
201908,기타,남성,30대,101085
201908,기타,남성,40대,108601
201908,기타,남성,50대,68913
201908,기타,남성,60대,21119
201908,기타,남성,70대 이상,2718
201908,기타,여성,20대 이하,46676
201908,기타,여성,30대,56056
201908,기타,여성,40대,62207
201908,기타,여성,50대,40029
201908,기타,여성,60대,11710
201908,기타,여성,70대 이상,1912
201909,09~12,남성,20대 이하,48954
201909,09~12,남성,30대,164406
201909,09~12,남성,40대,176437
201909,09~12,남성,50대,96404
201909,09~12,남성,60대,33685
201909,09~12,남성,70대 이상,7150
201909,09~12,여성,20대 이하,74843
201909,09~12,여성,30대,159016
201909,09~12,여성,40대,144549
201909,09~12,여성,50대,87227
201909,09~12,여성,60대,28362
201909,09~12,여성,70대 이상,5571
201909,12~15,남성,20대 이하,112828
201909,12~15,남성,30대,367762
201909,12~15,남성,40대,419115
201909,12~15,남성,50대,248592
201909,12~15,남성,60대,92333
201909,12~15,남성,70대 이상,25027
201909,12~15,여성,20대 이하,178941
201909,12~15,여성,30대,336862
201909,12~15,여성,40대,340433
201909,12~15,여성,50대,213759
201909,12~15,여성,60대,74370
201909,12~15,여성,70대 이상,15459
201909,15~18,남성,20대 이하,75765
201909,15~18,남성,30대,216991
201909,15~18,남성,40대,217690
201909,15~18,남성,50대,110212
201909,15~18,남성,60대,40106
201909,15~18,남성,70대 이상,8685
201909,15~18,여성,20대 이하,128846
201909,15~18,여성,30대,219776
201909,15~18,여성,40대,218982
201909,15~18,여성,50대,124091
201909,15~18,여성,60대,41184
201909,15~18,여성,70대 이상,7981
201909,18~21,남성,20대 이하,108916
201909,18~21,남성,30대,318303
201909,18~21,남성,40대,365158
201909,18~21,남성,50대,216868
201909,18~21,남성,60대,77972
201909,18~21,남성,70대 이상,14280
201909,18~21,여성,20대 이하,158598
201909,18~21,여성,30대,259593
201909,18~21,여성,40대,280852
201909,18~21,여성,50대,175592
201909,18~21,여성,60대,54216
201909,18~21,여성,70대 이상,8939
201909,21~24,남성,20대 이하,68173
201909,21~24,남성,30대,156012
201909,21~24,남성,40대,166527
201909,21~24,남성,50대,94657
201909,21~24,남성,60대,22478
201909,21~24,남성,70대 이상,2704
201909,21~24,여성,20대 이하,77639
201909,21~24,여성,30대,87128
201909,21~24,여성,40대,96683
201909,21~24,여성,50대,63103
201909,21~24,여성,60대,14386
201909,21~24,여성,70대 이상,2947
201909,기타,남성,20대 이하,44506
201909,기타,남성,30대,84938
201909,기타,남성,40대,93672
201909,기타,남성,50대,54634
201909,기타,남성,60대,17706
201909,기타,남성,70대 이상,2269
201909,기타,여성,20대 이하,44201
201909,기타,여성,30대,48045
201909,기타,여성,40대,49094
201909,기타,여성,50대,30995
201909,기타,여성,60대,9052
201909,기타,여성,70대 이상,1990
201910,09~12,남성,20대 이하,58168
201910,09~12,남성,30대,191690
201910,09~12,남성,40대,212574
201910,09~12,남성,50대,118034
201910,09~12,남성,60대,40873
201910,09~12,남성,70대 이상,8191
201910,09~12,여성,20대 이하,91400
201910,09~12,여성,30대,189459
201910,09~12,여성,40대,182025
201910,09~12,여성,50대,107499
201910,09~12,여성,60대,35362
201910,09~12,여성,70대 이상,6129
201910,12~15,남성,20대 이하,125005
201910,12~15,남성,30대,414487
201910,12~15,남성,40대,485343
201910,12~15,남성,50대,288127
201910,12~15,남성,60대,111812
201910,12~15,남성,70대 이상,29453
201910,12~15,여성,20대 이하,199081
201910,12~15,여성,30대,394685
201910,12~15,여성,40대,415904
201910,12~15,여성,50대,254249
201910,12~15,여성,60대,87359
201910,12~15,여성,70대 이상,18303
201910,15~18,남성,20대 이하,83861
201910,15~18,남성,30대,239577
201910,15~18,남성,40대,247700
201910,15~18,남성,50대,129642
201910,15~18,남성,60대,46370
201910,15~18,남성,70대 이상,9733
201910,15~18,여성,20대 이하,146255
201910,15~18,여성,30대,251504
201910,15~18,여성,40대,262724
201910,15~18,여성,50대,145620
201910,15~18,여성,60대,45940
201910,15~18,여성,70대 이상,9173
201910,18~21,남성,20대 이하,126085
201910,18~21,남성,30대,368617
201910,18~21,남성,40대,434251
201910,18~21,남성,50대,267790
201910,18~21,남성,60대,91845
201910,18~21,남성,70대 이상,17375
201910,18~21,여성,20대 이하,183210
201910,18~21,여성,30대,301923
201910,18~21,여성,40대,350649
201910,18~21,여성,50대,213261
201910,18~21,여성,60대,61852
201910,18~21,여성,70대 이상,10065
201910,21~24,남성,20대 이하,76229
201910,21~24,남성,30대,170553
201910,21~24,남성,40대,190245
201910,21~24,남성,50대,110113
201910,21~24,남성,60대,27873
201910,21~24,남성,70대 이상,3057
201910,21~24,여성,20대 이하,86337
201910,21~24,여성,30대,99665
201910,21~24,여성,40대,116181
201910,21~24,여성,50대,70075
201910,21~24,여성,60대,14753
201910,21~24,여성,70대 이상,2721
201910,기타,남성,20대 이하,50948
201910,기타,남성,30대,91829
201910,기타,남성,40대,108418
201910,기타,남성,50대,65540
201910,기타,남성,60대,20337
201910,기타,남성,70대 이상,3177
201910,기타,여성,20대 이하,45978
201910,기타,여성,30대,55372
201910,기타,여성,40대,62049
201910,기타,여성,50대,39230
201910,기타,여성,60대,11187
201910,기타,여성,70대 이상,2329
201911,09~12,남성,20대 이하,53794
201911,09~12,남성,30대,171819
201911,09~12,남성,40대,193983
201911,09~12,남성,50대,114716
201911,09~12,남성,60대,41571
201911,09~12,남성,70대 이상,8650
201911,09~12,여성,20대 이하,85394
201911,09~12,여성,30대,164031
201911,09~12,여성,40대,171432
201911,09~12,여성,50대,104247
201911,09~12,여성,60대,31782
201911,09~12,여성,70대 이상,6646
201911,12~15,남성,20대 이하,120886
201911,12~15,남성,30대,373580
201911,12~15,남성,40대,446434
201911,12~15,남성,50대,279133
201911,12~15,남성,60대,110914
201911,12~15,남성,70대 이상,28829
201911,12~15,여성,20대 이하,191984
201911,12~15,여성,30대,350583
201911,12~15,여성,40대,388497
201911,12~15,여성,50대,246167
201911,12~15,여성,60대,80215
201911,12~15,여성,70대 이상,17330
201911,15~18,남성,20대 이하,78640
201911,15~18,남성,30대,212046
201911,15~18,남성,40대,224871
201911,15~18,남성,50대,125312
201911,15~18,남성,60대,45516
201911,15~18,남성,70대 이상,10015
201911,15~18,여성,20대 이하,140773
201911,15~18,여성,30대,225928
201911,15~18,여성,40대,247556
201911,15~18,여성,50대,142568
201911,15~18,여성,60대,43559
201911,15~18,여성,70대 이상,9417
201911,18~21,남성,20대 이하,126717
201911,18~21,남성,30대,326719
201911,18~21,남성,40대,399493
201911,18~21,남성,50대,261376
201911,18~21,남성,60대,86937
201911,18~21,남성,70대 이상,17356
201911,18~21,여성,20대 이하,175120
201911,18~21,여성,30대,271330
201911,18~21,여성,40대,328923
201911,18~21,여성,50대,207165
201911,18~21,여성,60대,58469
201911,18~21,여성,70대 이상,10573
201911,21~24,남성,20대 이하,77190
201911,21~24,남성,30대,163197
201911,21~24,남성,40대,182987
201911,21~24,남성,50대,109148
201911,21~24,남성,60대,26130
201911,21~24,남성,70대 이상,2995
201911,21~24,여성,20대 이하,82806
201911,21~24,여성,30대,93522
201911,21~24,여성,40대,106986
201911,21~24,여성,50대,65535
201911,21~24,여성,60대,14778
201911,21~24,여성,70대 이상,2473
201911,기타,남성,20대 이하,49166
201911,기타,남성,30대,90332
201911,기타,남성,40대,106055
201911,기타,남성,50대,64416
201911,기타,남성,60대,20868
201911,기타,남성,70대 이상,3140
201911,기타,여성,20대 이하,47174
201911,기타,여성,30대,51223
201911,기타,여성,40대,56616
201911,기타,여성,50대,37033
201911,기타,여성,60대,10024
201911,기타,여성,70대 이상,1771
201912,09~12,남성,20대 이하,62208
201912,09~12,남성,30대,172389
201912,09~12,남성,40대,192758
201912,09~12,남성,50대,120770
201912,09~12,남성,60대,38749
201912,09~12,남성,70대 이상,7200
201912,09~12,여성,20대 이하,89348
201912,09~12,여성,30대,164412
201912,09~12,여성,40대,171754
201912,09~12,여성,50대,98507
201912,09~12,여성,60대,27834
201912,09~12,여성,70대 이상,5373
201912,12~15,남성,20대 이하,138559
201912,12~15,남성,30대,388479
201912,12~15,남성,40대,471365
201912,12~15,남성,50대,294939
201912,12~15,남성,60대,107663
201912,12~15,남성,70대 이상,27337
201912,12~15,여성,20대 이하,213443
201912,12~15,여성,30대,359981
201912,12~15,여성,40대,404962
201912,12~15,여성,50대,248904
201912,12~15,여성,60대,79360
201912,12~15,여성,70대 이상,16487
201912,15~18,남성,20대 이하,96575
201912,15~18,남성,30대,227693
201912,15~18,남성,40대,244562
201912,15~18,남성,50대,139671
201912,15~18,남성,60대,44727
201912,15~18,남성,70대 이상,9367
201912,15~18,여성,20대 이하,158423
201912,15~18,여성,30대,239944
201912,15~18,여성,40대,261650
201912,15~18,여성,50대,146835
201912,15~18,여성,60대,43892
201912,15~18,여성,70대 이상,8143
201912,18~21,남성,20대 이하,138349
201912,18~21,남성,30대,338700
201912,18~21,남성,40대,412886
201912,18~21,남성,50대,267114
201912,18~21,남성,60대,85343
201912,18~21,남성,70대 이상,15438
201912,18~21,여성,20대 이하,188682
201912,18~21,여성,30대,278151
201912,18~21,여성,40대,331790
201912,18~21,여성,50대,205458
201912,18~21,여성,60대,56331
201912,18~21,여성,70대 이상,9233
201912,21~24,남성,20대 이하,84764
201912,21~24,남성,30대,164071
201912,21~24,남성,40대,181669
201912,21~24,남성,50대,110021
201912,21~24,남성,60대,26611
201912,21~24,남성,70대 이상,3079
201912,21~24,여성,20대 이하,88136
201912,21~24,여성,30대,97064
201912,21~24,여성,40대,115409
201912,21~24,여성,50대,71440
201912,21~24,여성,60대,14225
201912,21~24,여성,70대 이상,2383
201912,기타,남성,20대 이하,56306
201912,기타,남성,30대,91412
201912,기타,남성,40대,100813
201912,기타,남성,50대,63554
201912,기타,남성,60대,17060
201912,기타,남성,70대 이상,2413
201912,기타,여성,20대 이하,48651
201912,기타,여성,30대,50966
201912,기타,여성,40대,55987
201912,기타,여성,50대,35509
201912,기타,여성,60대,9217
201912,기타,여성,70대 이상,1466
202001,09~12,남성,20대 이하,40806
202001,09~12,남성,30대,136680
202001,09~12,남성,40대,188195
202001,09~12,남성,50대,128332
202001,09~12,남성,60대,42383
202001,09~12,남성,70대 이상,7936
202001,09~12,여성,20대 이하,58507
202001,09~12,여성,30대,138938
202001,09~12,여성,40대,172098
202001,09~12,여성,50대,107957
202001,09~12,여성,60대,32649
202001,09~12,여성,70대 이상,6920
202001,12~15,남성,20대 이하,94472
202001,12~15,남성,30대,327091
202001,12~15,남성,40대,458765
202001,12~15,남성,50대,315528
202001,12~15,남성,60대,118409
202001,12~15,남성,70대 이상,26584
202001,12~15,여성,20대 이하,147315
202001,12~15,여성,30대,322506
202001,12~15,여성,40대,413989
202001,12~15,여성,50대,275461
202001,12~15,여성,60대,88870
202001,12~15,여성,70대 이상,18514
202001,15~18,남성,20대 이하,65577
202001,15~18,남성,30대,189422
202001,15~18,남성,40대,241305
202001,15~18,남성,50대,155788
202001,15~18,남성,60대,52565
202001,15~18,남성,70대 이상,10132
202001,15~18,여성,20대 이하,114311
202001,15~18,여성,30대,214031
202001,15~18,여성,40대,265607
202001,15~18,여성,50대,169596
202001,15~18,여성,60대,51199
202001,15~18,여성,70대 이상,9143
202001,18~21,남성,20대 이하,96868
202001,18~21,남성,30대,278676
202001,18~21,남성,40대,390431
202001,18~21,남성,50대,280057
202001,18~21,남성,60대,93225
202001,18~21,남성,70대 이상,14826
202001,18~21,여성,20대 이하,136469
202001,18~21,여성,30대,245034
202001,18~21,여성,40대,313804
202001,18~21,여성,50대,220252
202001,18~21,여성,60대,61485
202001,18~21,여성,70대 이상,10635
202001,21~24,남성,20대 이하,60952
202001,21~24,남성,30대,142639
202001,21~24,남성,40대,171447
202001,21~24,남성,50대,111891
202001,21~24,남성,60대,29062
202001,21~24,남성,70대 이상,3102
202001,21~24,여성,20대 이하,68616
202001,21~24,여성,30대,88766
202001,21~24,여성,40대,105150
202001,21~24,여성,50대,73154
202001,21~24,여성,60대,17195
202001,21~24,여성,70대 이상,3054
202001,기타,남성,20대 이하,43131
202001,기타,남성,30대,79551
202001,기타,남성,40대,92758
202001,기타,남성,50대,63535
202001,기타,남성,60대,19921
202001,기타,남성,70대 이상,2115
202001,기타,여성,20대 이하,38391
202001,기타,여성,30대,47731
202001,기타,여성,40대,50929
202001,기타,여성,50대,38025
202001,기타,여성,60대,10606
202001,기타,여성,70대 이상,1673
202002,09~12,남성,20대 이하,36852
202002,09~12,남성,30대,109299
202002,09~12,남성,40대,156164
202002,09~12,남성,50대,106534
202002,09~12,남성,60대,32489
202002,09~12,남성,70대 이상,6492
202002,09~12,여성,20대 이하,47099
202002,09~12,여성,30대,101308
202002,09~12,여성,40대,130583
202002,09~12,여성,50대,80349
202002,09~12,여성,60대,23711
202002,09~12,여성,70대 이상,5034
202002,12~15,남성,20대 이하,89074
202002,12~15,남성,30대,276881
202002,12~15,남성,40대,385736
202002,12~15,남성,50대,268882
202002,12~15,남성,60대,97349
202002,12~15,남성,70대 이상,24075
202002,12~15,여성,20대 이하,127442
202002,12~15,여성,30대,250103
202002,12~15,여성,40대,328507
202002,12~15,여성,50대,223170
202002,12~15,여성,60대,72283
202002,12~15,여성,70대 이상,12991
202002,15~18,남성,20대 이하,60799
202002,15~18,남성,30대,152718
202002,15~18,남성,40대,193832
202002,15~18,남성,50대,119708
202002,15~18,남성,60대,39547
202002,15~18,남성,70대 이상,8164
202002,15~18,여성,20대 이하,89724
202002,15~18,여성,30대,160655
202002,15~18,여성,40대,203412
202002,15~18,여성,50대,128277
202002,15~18,여성,60대,38769
202002,15~18,여성,70대 이상,7107
202002,18~21,남성,20대 이하,87411
202002,18~21,남성,30대,236445
202002,18~21,남성,40대,320225
202002,18~21,남성,50대,233697
202002,18~21,남성,60대,73335
202002,18~21,남성,70대 이상,12220
202002,18~21,여성,20대 이하,108463
202002,18~21,여성,30대,179795
202002,18~21,여성,40대,241149
202002,18~21,여성,50대,170658
202002,18~21,여성,60대,45676
202002,18~21,여성,70대 이상,7812
202002,21~24,남성,20대 이하,56180
202002,21~24,남성,30대,116510
202002,21~24,남성,40대,142394
202002,21~24,남성,50대,94105
202002,21~24,남성,60대,22597
202002,21~24,남성,70대 이상,2473
202002,21~24,여성,20대 이하,54388
202002,21~24,여성,30대,63432
202002,21~24,여성,40대,77780
202002,21~24,여성,50대,56090
202002,21~24,여성,60대,12472
202002,21~24,여성,70대 이상,2164
202002,기타,남성,20대 이하,37372
202002,기타,남성,30대,67205
202002,기타,남성,40대,76093
202002,기타,남성,50대,54779
202002,기타,남성,60대,15688
202002,기타,남성,70대 이상,2211
202002,기타,여성,20대 이하,32117
202002,기타,여성,30대,35127
202002,기타,여성,40대,37767
202002,기타,여성,50대,27489
202002,기타,여성,60대,8206
202002,기타,여성,70대 이상,1455
202003,09~12,남성,20대 이하,38609
202003,09~12,남성,30대,115012
202003,09~12,남성,40대,157515
202003,09~12,남성,50대,104688
202003,09~12,남성,60대,36508
202003,09~12,남성,70대 이상,6643
202003,09~12,여성,20대 이하,48559
202003,09~12,여성,30대,107724
202003,09~12,여성,40대,125677
202003,09~12,여성,50대,87641
202003,09~12,여성,60대,28611
202003,09~12,여성,70대 이상,5314
202003,12~15,남성,20대 이하,97297
202003,12~15,남성,30대,298153
202003,12~15,남성,40대,385033
202003,12~15,남성,50대,273435
202003,12~15,남성,60대,102553
202003,12~15,남성,70대 이상,22492
202003,12~15,여성,20대 이하,141456
202003,12~15,여성,30대,265424
202003,12~15,여성,40대,333127
202003,12~15,여성,50대,232770
202003,12~15,여성,60대,76169
202003,12~15,여성,70대 이상,15318
202003,15~18,남성,20대 이하,65259
202003,15~18,남성,30대,165731
202003,15~18,남성,40대,196979
202003,15~18,남성,50대,124379
202003,15~18,남성,60대,41897
202003,15~18,남성,70대 이상,8751
202003,15~18,여성,20대 이하,108802
202003,15~18,여성,30대,176054
202003,15~18,여성,40대,209955
202003,15~18,여성,50대,136148
202003,15~18,여성,60대,42731
202003,15~18,여성,70대 이상,7754
202003,18~21,남성,20대 이하,95858
202003,18~21,남성,30대,241402
202003,18~21,남성,40대,312669
202003,18~21,남성,50대,229804
202003,18~21,남성,60대,75002
202003,18~21,남성,70대 이상,12357
202003,18~21,여성,20대 이하,123285
202003,18~21,여성,30대,184528
202003,18~21,여성,40대,237113
202003,18~21,여성,50대,176922
202003,18~21,여성,60대,47329
202003,18~21,여성,70대 이상,8714
202003,21~24,남성,20대 이하,55139
202003,21~24,남성,30대,119178
202003,21~24,남성,40대,140889
202003,21~24,남성,50대,89854
202003,21~24,남성,60대,22631
202003,21~24,남성,70대 이상,2586
202003,21~24,여성,20대 이하,58180
202003,21~24,여성,30대,65267
202003,21~24,여성,40대,74304
202003,21~24,여성,50대,54301
202003,21~24,여성,60대,12823
202003,21~24,여성,70대 이상,1949
202003,기타,남성,20대 이하,39159
202003,기타,남성,30대,63645
202003,기타,남성,40대,73225
202003,기타,남성,50대,52538
202003,기타,남성,60대,14327
202003,기타,남성,70대 이상,2198
202003,기타,여성,20대 이하,33636
202003,기타,여성,30대,34669
202003,기타,여성,40대,37456
202003,기타,여성,50대,28060
202003,기타,여성,60대,8785
202003,기타,여성,70대 이상,1282
202004,09~12,남성,20대 이하,40419
202004,09~12,남성,30대,130400
202004,09~12,남성,40대,157701
202004,09~12,남성,50대,107953
202004,09~12,남성,60대,40045
202004,09~12,남성,70대 이상,7934
202004,09~12,여성,20대 이하,54670
202004,09~12,여성,30대,122460
202004,09~12,여성,40대,130225
202004,09~12,여성,50대,87695
202004,09~12,여성,60대,31230
202004,09~12,여성,70대 이상,5604
202004,12~15,남성,20대 이하,102065
202004,12~15,남성,30대,322422
202004,12~15,남성,40대,384087
202004,12~15,남성,50대,273527
202004,12~15,남성,60대,105287
202004,12~15,남성,70대 이상,27105
202004,12~15,여성,20대 이하,148118
202004,12~15,여성,30대,296634
202004,12~15,여성,40대,322702
202004,12~15,여성,50대,226874
202004,12~15,여성,60대,81923
202004,12~15,여성,70대 이상,16026
202004,15~18,남성,20대 이하,67972
202004,15~18,남성,30대,179128
202004,15~18,남성,40대,186195
202004,15~18,남성,50대,116688
202004,15~18,남성,60대,41124
202004,15~18,남성,70대 이상,8474
202004,15~18,여성,20대 이하,107809
202004,15~18,여성,30대,190370
202004,15~18,여성,40대,201909
202004,15~18,여성,50대,128727
202004,15~18,여성,60대,41756
202004,15~18,여성,70대 이상,7925
202004,18~21,남성,20대 이하,96135
202004,18~21,남성,30대,258009
202004,18~21,남성,40대,309780
202004,18~21,남성,50대,228146
202004,18~21,남성,60대,79515
202004,18~21,남성,70대 이상,14136
202004,18~21,여성,20대 이하,123809
202004,18~21,여성,30대,201317
202004,18~21,여성,40대,241802
202004,18~21,여성,50대,176107
202004,18~21,여성,60대,54024
202004,18~21,여성,70대 이상,7747
202004,21~24,남성,20대 이하,61317
202004,21~24,남성,30대,126628
202004,21~24,남성,40대,141955
202004,21~24,남성,50대,94904
202004,21~24,남성,60대,24585
202004,21~24,남성,70대 이상,2513
202004,21~24,여성,20대 이하,58982
202004,21~24,여성,30대,72595
202004,21~24,여성,40대,79601
202004,21~24,여성,50대,56124
202004,21~24,여성,60대,14805
202004,21~24,여성,70대 이상,2321
202004,기타,남성,20대 이하,39046
202004,기타,남성,30대,68217
202004,기타,남성,40대,77903
202004,기타,남성,50대,56822
202004,기타,남성,60대,17845
202004,기타,남성,70대 이상,1609
202004,기타,여성,20대 이하,33893
202004,기타,여성,30대,39136
202004,기타,여성,40대,40116
202004,기타,여성,50대,32757
202004,기타,여성,60대,9143
202004,기타,여성,70대 이상,1337
202005,09~12,남성,20대 이하,54367
202005,09~12,남성,30대,180040
202005,09~12,남성,40대,211480
202005,09~12,남성,50대,139220
202005,09~12,남성,60대,52031
202005,09~12,남성,70대 이상,9663
202005,09~12,여성,20대 이하,71844
202005,09~12,여성,30대,159403
202005,09~12,여성,40대,163169
202005,09~12,여성,50대,101240
202005,09~12,여성,60대,36766
202005,09~12,여성,70대 이상,7483
202005,12~15,남성,20대 이하,125141
202005,12~15,남성,30대,420728
202005,12~15,남성,40대,491409
202005,12~15,남성,50대,322532
202005,12~15,남성,60대,133007
202005,12~15,남성,70대 이상,30395
202005,12~15,여성,20대 이하,182683
202005,12~15,여성,30대,363088
202005,12~15,여성,40대,373457
202005,12~15,여성,50대,255383
202005,12~15,여성,60대,91476
202005,12~15,여성,70대 이상,17399
202005,15~18,남성,20대 이하,81051
202005,15~18,남성,30대,238874
202005,15~18,남성,40대,261290
202005,15~18,남성,50대,152058
202005,15~18,남성,60대,53288
202005,15~18,남성,70대 이상,10017
202005,15~18,여성,20대 이하,136534
202005,15~18,여성,30대,238936
202005,15~18,여성,40대,241952
202005,15~18,여성,50대,150531
202005,15~18,여성,60대,47938
202005,15~18,여성,70대 이상,9046
202005,18~21,남성,20대 이하,115192
202005,18~21,남성,30대,337907
202005,18~21,남성,40대,413839
202005,18~21,남성,50대,282058
202005,18~21,남성,60대,101448
202005,18~21,남성,70대 이상,17282
202005,18~21,여성,20대 이하,153819
202005,18~21,여성,30대,260258
202005,18~21,여성,40대,292372
202005,18~21,여성,50대,197625
202005,18~21,여성,60대,61447
202005,18~21,여성,70대 이상,10186
202005,21~24,남성,20대 이하,73833
202005,21~24,남성,30대,161505
202005,21~24,남성,40대,182858
202005,21~24,남성,50대,118380
202005,21~24,남성,60대,29980
202005,21~24,남성,70대 이상,3402
202005,21~24,여성,20대 이하,76650
202005,21~24,여성,30대,92370
202005,21~24,여성,40대,98912
202005,21~24,여성,50대,67144
202005,21~24,여성,60대,16624
202005,21~24,여성,70대 이상,2341
202005,기타,남성,20대 이하,47833
202005,기타,남성,30대,82941
202005,기타,남성,40대,95689
202005,기타,남성,50대,71049
202005,기타,남성,60대,22089
202005,기타,남성,70대 이상,3241
202005,기타,여성,20대 이하,39052
202005,기타,여성,30대,48060
202005,기타,여성,40대,50696
202005,기타,여성,50대,36931
202005,기타,여성,60대,12211
202005,기타,여성,70대 이상,1478
202006,09~12,남성,20대 이하,55507
202006,09~12,남성,30대,190773
202006,09~12,남성,40대,197523
202006,09~12,남성,50대,124342
202006,09~12,남성,60대,48299
202006,09~12,남성,70대 이상,8964
202006,09~12,여성,20대 이하,77873
202006,09~12,여성,30대,169675
202006,09~12,여성,40대,153707
202006,09~12,여성,50대,105066
202006,09~12,여성,60대,35724
202006,09~12,여성,70대 이상,6430
202006,12~15,남성,20대 이하,124237
202006,12~15,남성,30대,425235
202006,12~15,남성,40대,454641
202006,12~15,남성,50대,305159
202006,12~15,남성,60대,126510
202006,12~15,남성,70대 이상,28979
202006,12~15,여성,20대 이하,193535
202006,12~15,여성,30대,373930
202006,12~15,여성,40대,354374
202006,12~15,여성,50대,253787
202006,12~15,여성,60대,91209
202006,12~15,여성,70대 이상,17885
202006,15~18,남성,20대 이하,83795
202006,15~18,남성,30대,237346
202006,15~18,남성,40대,230131
202006,15~18,남성,50대,138698
202006,15~18,남성,60대,51391
202006,15~18,남성,70대 이상,10100
202006,15~18,여성,20대 이하,135738
202006,15~18,여성,30대,240704
202006,15~18,여성,40대,220274
202006,15~18,여성,50대,149981
202006,15~18,여성,60대,47219
202006,15~18,여성,70대 이상,8478
202006,18~21,남성,20대 이하,116859
202006,18~21,남성,30대,338283
202006,18~21,남성,40대,367889
202006,18~21,남성,50대,266683
202006,18~21,남성,60대,98079
202006,18~21,남성,70대 이상,16976
202006,18~21,여성,20대 이하,160078
202006,18~21,여성,30대,265531
202006,18~21,여성,40대,273354
202006,18~21,여성,50대,198788
202006,18~21,여성,60대,61805
202006,18~21,여성,70대 이상,11132
202006,21~24,남성,20대 이하,74870
202006,21~24,남성,30대,168971
202006,21~24,남성,40대,183087
202006,21~24,남성,50대,120522
202006,21~24,남성,60대,33692
202006,21~24,남성,70대 이상,3641
202006,21~24,여성,20대 이하,74964
202006,21~24,여성,30대,99730
202006,21~24,여성,40대,96228
202006,21~24,여성,50대,70335
202006,21~24,여성,60대,17889
202006,21~24,여성,70대 이상,2261
202006,기타,남성,20대 이하,44707
202006,기타,남성,30대,83643
202006,기타,남성,40대,96391
202006,기타,남성,50대,69795
202006,기타,남성,60대,21966
202006,기타,남성,70대 이상,2228
202006,기타,여성,20대 이하,39967
202006,기타,여성,30대,51557
202006,기타,여성,40대,50026
202006,기타,여성,50대,38964
202006,기타,여성,60대,12355
202006,기타,여성,70대 이상,2195
202007,09~12,남성,20대 이하,67622
202007,09~12,남성,30대,205452
202007,09~12,남성,40대,208773
202007,09~12,남성,50대,132637
202007,09~12,남성,60대,47156
202007,09~12,남성,70대 이상,8517
202007,09~12,여성,20대 이하,93180
202007,09~12,여성,30대,188625
202007,09~12,여성,40대,163372
202007,09~12,여성,50대,108726
202007,09~12,여성,60대,36489
202007,09~12,여성,70대 이상,7252
202007,12~15,남성,20대 이하,152778
202007,12~15,남성,30대,451579
202007,12~15,남성,40대,489980
202007,12~15,남성,50대,321927
202007,12~15,남성,60대,124766
202007,12~15,남성,70대 이상,31375
202007,12~15,여성,20대 이하,232496
202007,12~15,여성,30대,409778
202007,12~15,여성,40대,383379
202007,12~15,여성,50대,273644
202007,12~15,여성,60대,93675
202007,12~15,여성,70대 이상,21637
202007,15~18,남성,20대 이하,102851
202007,15~18,남성,30대,257397
202007,15~18,남성,40대,245122
202007,15~18,남성,50대,142773
202007,15~18,남성,60대,51134
202007,15~18,남성,70대 이상,10158
202007,15~18,여성,20대 이하,160360
202007,15~18,여성,30대,264671
202007,15~18,여성,40대,246334
202007,15~18,여성,50대,157278
202007,15~18,여성,60대,49274
202007,15~18,여성,70대 이상,9946
202007,18~21,남성,20대 이하,134996
202007,18~21,남성,30대,361366
202007,18~21,남성,40대,410696
202007,18~21,남성,50대,279167
202007,18~21,남성,60대,98837
202007,18~21,남성,70대 이상,16453
202007,18~21,여성,20대 이하,190647
202007,18~21,여성,30대,296084
202007,18~21,여성,40대,299065
202007,18~21,여성,50대,212080
202007,18~21,여성,60대,64492
202007,18~21,여성,70대 이상,10985
202007,21~24,남성,20대 이하,86041
202007,21~24,남성,30대,180046
202007,21~24,남성,40대,193633
202007,21~24,남성,50대,126703
202007,21~24,남성,60대,32070
202007,21~24,남성,70대 이상,2934
202007,21~24,여성,20대 이하,95524
202007,21~24,여성,30대,114287
202007,21~24,여성,40대,111616
202007,21~24,여성,50대,79110
202007,21~24,여성,60대,19108
202007,21~24,여성,70대 이상,3861
202007,기타,남성,20대 이하,49606
202007,기타,남성,30대,89050
202007,기타,남성,40대,101631
202007,기타,남성,50대,70465
202007,기타,남성,60대,20400
202007,기타,남성,70대 이상,2511
202007,기타,여성,20대 이하,48134
202007,기타,여성,30대,52639
202007,기타,여성,40대,53092
202007,기타,여성,50대,41004
202007,기타,여성,60대,12541
202007,기타,여성,70대 이상,2026
202008,09~12,남성,20대 이하,74799
202008,09~12,남성,30대,233782
202008,09~12,남성,40대,289194
202008,09~12,남성,50대,164174
202008,09~12,남성,60대,50798
202008,09~12,남성,70대 이상,9128
202008,09~12,여성,20대 이하,100017
202008,09~12,여성,30대,213136
202008,09~12,여성,40대,231388
202008,09~12,여성,50대,127134
202008,09~12,여성,60대,37941
202008,09~12,여성,70대 이상,7157
202008,12~15,남성,20대 이하,166644
202008,12~15,남성,30대,492355
202008,12~15,남성,40대,617283
202008,12~15,남성,50대,367104
202008,12~15,남성,60대,130316
202008,12~15,남성,70대 이상,31604
202008,12~15,여성,20대 이하,239605
202008,12~15,여성,30대,447635
202008,12~15,여성,40대,489613
202008,12~15,여성,50대,291205
202008,12~15,여성,60대,91451
202008,12~15,여성,70대 이상,20404
202008,15~18,남성,20대 이하,104594
202008,15~18,남성,30대,278035
202008,15~18,남성,40대,332046
202008,15~18,남성,50대,176247
202008,15~18,남성,60대,55159
202008,15~18,남성,70대 이상,9571
202008,15~18,여성,20대 이하,168429
202008,15~18,여성,30대,285716
202008,15~18,여성,40대,308380
202008,15~18,여성,50대,173101
202008,15~18,여성,60대,49357
202008,15~18,여성,70대 이상,10665
202008,18~21,남성,20대 이하,140035
202008,18~21,남성,30대,391117
202008,18~21,남성,40대,516271
202008,18~21,남성,50대,318923
202008,18~21,남성,60대,104784
202008,18~21,남성,70대 이상,18648
202008,18~21,여성,20대 이하,192820
202008,18~21,여성,30대,323445
202008,18~21,여성,40대,377136
202008,18~21,여성,50대,234100
202008,18~21,여성,60대,67908
202008,18~21,여성,70대 이상,12661
202008,21~24,남성,20대 이하,92273
202008,21~24,남성,30대,199786
202008,21~24,남성,40대,226363
202008,21~24,남성,50대,136288
202008,21~24,남성,60대,32928
202008,21~24,남성,70대 이상,3666
202008,21~24,여성,20대 이하,101995
202008,21~24,여성,30대,125209
202008,21~24,여성,40대,129768
202008,21~24,여성,50대,79464
202008,21~24,여성,60대,18210
202008,21~24,여성,70대 이상,3867
202008,기타,남성,20대 이하,53746
202008,기타,남성,30대,99157
202008,기타,남성,40대,114604
202008,기타,남성,50대,74180
202008,기타,남성,60대,22488
202008,기타,남성,70대 이상,2158
202008,기타,여성,20대 이하,48399
202008,기타,여성,30대,57607
202008,기타,여성,40대,63099
202008,기타,여성,50대,42752
202008,기타,여성,60대,13007
202008,기타,여성,70대 이상,2407
202009,09~12,남성,20대 이하,59928
202009,09~12,남성,30대,198863
202009,09~12,남성,40대,205072
202009,09~12,남성,50대,121079
202009,09~12,남성,60대,45126
202009,09~12,남성,70대 이상,9373
202009,09~12,여성,20대 이하,81978
202009,09~12,여성,30대,178613
202009,09~12,여성,40대,164017
202009,09~12,여성,50대,100335
202009,09~12,여성,60대,35148
202009,09~12,여성,70대 이상,6904
202009,12~15,남성,20대 이하,135989
202009,12~15,남성,30대,435606
202009,12~15,남성,40대,454378
202009,12~15,남성,50대,284239
202009,12~15,남성,60대,115841
202009,12~15,남성,70대 이상,29797
202009,12~15,여성,20대 이하,202402
202009,12~15,여성,30대,376843
202009,12~15,여성,40대,357334
202009,12~15,여성,50대,235661
202009,12~15,여성,60대,85788
202009,12~15,여성,70대 이상,17645
202009,15~18,남성,20대 이하,90014
202009,15~18,남성,30대,246270
202009,15~18,남성,40대,234052
202009,15~18,남성,50대,126044
202009,15~18,남성,60대,47070
202009,15~18,남성,70대 이상,9950
202009,15~18,여성,20대 이하,139315
202009,15~18,여성,30대,249762
202009,15~18,여성,40대,231317
202009,15~18,여성,50대,139039
202009,15~18,여성,60대,45952
202009,15~18,여성,70대 이상,9916
202009,18~21,남성,20대 이하,122317
202009,18~21,남성,30대,334284
202009,18~21,남성,40대,367132
202009,18~21,남성,50대,246255
202009,18~21,남성,60대,85964
202009,18~21,남성,70대 이상,14851
202009,18~21,여성,20대 이하,162557
202009,18~21,여성,30대,263427
202009,18~21,여성,40대,274306
202009,18~21,여성,50대,178807
202009,18~21,여성,60대,52127
202009,18~21,여성,70대 이상,9740
202009,21~24,남성,20대 이하,72324
202009,21~24,남성,30대,150148
202009,21~24,남성,40대,153425
202009,21~24,남성,50대,96145
202009,21~24,남성,60대,23740
202009,21~24,남성,70대 이상,2826
202009,21~24,여성,20대 이하,72356
202009,21~24,여성,30대,83972
202009,21~24,여성,40대,85656
202009,21~24,여성,50대,55968
202009,21~24,여성,60대,13795
202009,21~24,여성,70대 이상,2732
202009,기타,남성,20대 이하,46456
202009,기타,남성,30대,80286
202009,기타,남성,40대,91826
202009,기타,남성,50대,62294
202009,기타,남성,60대,19945
202009,기타,남성,70대 이상,2850
202009,기타,여성,20대 이하,40338
202009,기타,여성,30대,48529
202009,기타,여성,40대,49468
202009,기타,여성,50대,34905
202009,기타,여성,60대,11968
202009,기타,여성,70대 이상,2426
202010,09~12,남성,20대 이하,67691
202010,09~12,남성,30대,224110
202010,09~12,남성,40대,234193
202010,09~12,남성,50대,141806
202010,09~12,남성,60대,54877
202010,09~12,남성,70대 이상,10108
202010,09~12,여성,20대 이하,97976
202010,09~12,여성,30대,212639
202010,09~12,여성,40대,196545
202010,09~12,여성,50대,127203
202010,09~12,여성,60대,43446
202010,09~12,여성,70대 이상,7415
202010,12~15,남성,20대 이하,146177
202010,12~15,남성,30대,464705
202010,12~15,남성,40대,506177
202010,12~15,남성,50대,330796
202010,12~15,남성,60대,139705
202010,12~15,남성,70대 이상,32045
202010,12~15,여성,20대 이하,225387
202010,12~15,여성,30대,436422
202010,12~15,여성,40대,424461
202010,12~15,여성,50대,287381
202010,12~15,여성,60대,104052
202010,12~15,여성,70대 이상,21082
202010,15~18,남성,20대 이하,97033
202010,15~18,남성,30대,269940
202010,15~18,남성,40대,269759
202010,15~18,남성,50대,154684
202010,15~18,남성,60대,58623
202010,15~18,남성,70대 이상,12034
202010,15~18,여성,20대 이하,160134
202010,15~18,여성,30대,289258
202010,15~18,여성,40대,271382
202010,15~18,여성,50대,166561
202010,15~18,여성,60대,56882
202010,15~18,여성,70대 이상,10845
202010,18~21,남성,20대 이하,135926
202010,18~21,남성,30대,373298
202010,18~21,남성,40대,426522
202010,18~21,남성,50대,290813
202010,18~21,남성,60대,106963
202010,18~21,남성,70대 이상,17035
202010,18~21,여성,20대 이하,184945
202010,18~21,여성,30대,298947
202010,18~21,여성,40대,322789
202010,18~21,여성,50대,222313
202010,18~21,여성,60대,66737
202010,18~21,여성,70대 이상,11165
202010,21~24,남성,20대 이하,77873
202010,21~24,남성,30대,170206
202010,21~24,남성,40대,174022
202010,21~24,남성,50대,112557
202010,21~24,남성,60대,28349
202010,21~24,남성,70대 이상,2649
202010,21~24,여성,20대 이하,84671
202010,21~24,여성,30대,98178
202010,21~24,여성,40대,99118
202010,21~24,여성,50대,62427
202010,21~24,여성,60대,15007
202010,21~24,여성,70대 이상,2929
202010,기타,남성,20대 이하,52107
202010,기타,남성,30대,90552
202010,기타,남성,40대,99478
202010,기타,남성,50대,68895
202010,기타,남성,60대,23669
202010,기타,남성,70대 이상,2718
202010,기타,여성,20대 이하,48098
202010,기타,여성,30대,52447
202010,기타,여성,40대,57049
202010,기타,여성,50대,39339
202010,기타,여성,60대,12821
202010,기타,여성,70대 이상,1851
202011,09~12,남성,20대 이하,65431
202011,09~12,남성,30대,216171
202011,09~12,남성,40대,223732
202011,09~12,남성,50대,144755
202011,09~12,남성,60대,57757
202011,09~12,남성,70대 이상,10817
202011,09~12,여성,20대 이하,100521
202011,09~12,여성,30대,202928
202011,09~12,여성,40대,189652
202011,09~12,여성,50대,129751
202011,09~12,여성,60대,43879
202011,09~12,여성,70대 이상,8912
202011,12~15,남성,20대 이하,141574
202011,12~15,남성,30대,451867
202011,12~15,남성,40대,481936
202011,12~15,남성,50대,334294
202011,12~15,남성,60대,145269
202011,12~15,남성,70대 이상,34046
202011,12~15,여성,20대 이하,225661
202011,12~15,여성,30대,419390
202011,12~15,여성,40대,412992
202011,12~15,여성,50대,291502
202011,12~15,여성,60대,108724
202011,12~15,여성,70대 이상,20799
202011,15~18,남성,20대 이하,90749
202011,15~18,남성,30대,261545
202011,15~18,남성,40대,248320
202011,15~18,남성,50대,155274
202011,15~18,남성,60대,60196
202011,15~18,남성,70대 이상,12220
202011,15~18,여성,20대 이하,157068
202011,15~18,여성,30대,277649
202011,15~18,여성,40대,264379
202011,15~18,여성,50대,174663
202011,15~18,여성,60대,58326
202011,15~18,여성,70대 이상,10819
202011,18~21,남성,20대 이하,132003
202011,18~21,남성,30대,361925
202011,18~21,남성,40대,401528
202011,18~21,남성,50대,292719
202011,18~21,남성,60대,108757
202011,18~21,남성,70대 이상,16891
202011,18~21,여성,20대 이하,184654
202011,18~21,여성,30대,298695
202011,18~21,여성,40대,311019
202011,18~21,여성,50대,225937
202011,18~21,여성,60대,70307
202011,18~21,여성,70대 이상,10555
202011,21~24,남성,20대 이하,72312
202011,21~24,남성,30대,158703
202011,21~24,남성,40대,166485
202011,21~24,남성,50대,111014
202011,21~24,남성,60대,27732
202011,21~24,남성,70대 이상,3666
202011,21~24,여성,20대 이하,81663
202011,21~24,여성,30대,96475
202011,21~24,여성,40대,94104
202011,21~24,여성,50대,65203
202011,21~24,여성,60대,15508
202011,21~24,여성,70대 이상,2481
202011,기타,남성,20대 이하,48608
202011,기타,남성,30대,86822
202011,기타,남성,40대,101603
202011,기타,남성,50대,69473
202011,기타,남성,60대,24334
202011,기타,남성,70대 이상,2872
202011,기타,여성,20대 이하,46312
202011,기타,여성,30대,49551
202011,기타,여성,40대,54921
202011,기타,여성,50대,41264
202011,기타,여성,60대,13082
202011,기타,여성,70대 이상,1897
202012,09~12,남성,20대 이하,52574
202012,09~12,남성,30대,152598
202012,09~12,남성,40대,175430
202012,09~12,남성,50대,120552
202012,09~12,남성,60대,43327
202012,09~12,남성,70대 이상,8228
202012,09~12,여성,20대 이하,64361
202012,09~12,여성,30대,133455
202012,09~12,여성,40대,139582
202012,09~12,여성,50대,93812
202012,09~12,여성,60대,31349
202012,09~12,여성,70대 이상,6371
202012,12~15,남성,20대 이하,124929
202012,12~15,남성,30대,361643
202012,12~15,남성,40대,404598
202012,12~15,남성,50대,291948
202012,12~15,남성,60대,113440
202012,12~15,남성,70대 이상,26172
202012,12~15,여성,20대 이하,169324
202012,12~15,여성,30대,305675
202012,12~15,여성,40대,330054
202012,12~15,여성,50대,226335
202012,12~15,여성,60대,78632
202012,12~15,여성,70대 이상,15797
202012,15~18,남성,20대 이하,83287
202012,15~18,남성,30대,214344
202012,15~18,남성,40대,221929
202012,15~18,남성,50대,140493
202012,15~18,남성,60대,51506
202012,15~18,남성,70대 이상,10346
202012,15~18,여성,20대 이하,119277
202012,15~18,여성,30대,209062
202012,15~18,여성,40대,224398
202012,15~18,여성,50대,143377
202012,15~18,여성,60대,45494
202012,15~18,여성,70대 이상,8986
202012,18~21,남성,20대 이하,117315
202012,18~21,남성,30대,280755
202012,18~21,남성,40대,328209
202012,18~21,남성,50대,240782
202012,18~21,남성,60대,75447
202012,18~21,남성,70대 이상,10659
202012,18~21,여성,20대 이하,136378
202012,18~21,여성,30대,199765
202012,18~21,여성,40대,235564
202012,18~21,여성,50대,166050
202012,18~21,여성,60대,44514
202012,18~21,여성,70대 이상,6863
202012,21~24,남성,20대 이하,48754
202012,21~24,남성,30대,90406
202012,21~24,남성,40대,99913
202012,21~24,남성,50대,63711
202012,21~24,남성,60대,14230
202012,21~24,남성,70대 이상,1532
202012,21~24,여성,20대 이하,44783
202012,21~24,여성,30대,47382
202012,21~24,여성,40대,55334
202012,21~24,여성,50대,37706
202012,21~24,여성,60대,9214
202012,21~24,여성,70대 이상,2099
202012,기타,남성,20대 이하,30975
202012,기타,남성,30대,52240
202012,기타,남성,40대,63494
202012,기타,남성,50대,44517
202012,기타,남성,60대,15246
202012,기타,남성,70대 이상,2339
202012,기타,여성,20대 이하,25026
202012,기타,여성,30대,30869
202012,기타,여성,40대,36934
202012,기타,여성,50대,26152
202012,기타,여성,60대,7395
202012,기타,여성,70대 이상,1312
202101,00~06,남성,20대 이하,2830
202101,00~06,남성,30대,4710
202101,00~06,남성,40대,3243
202101,00~06,남성,50대,2400
202101,00~06,남성,60대,710
202101,00~06,남성,70대 이상,17
202101,00~06,여성,20대 이하,1560
202101,00~06,여성,30대,1758
202101,00~06,여성,40대,2108
202101,00~06,여성,50대,2041
202101,00~06,여성,60대,536
202101,00~06,여성,70대 이상,128
202101,06~09,남성,20대 이하,6370
202101,06~09,남성,30대,19365
202101,06~09,남성,40대,31445
202101,06~09,남성,50대,25983
202101,06~09,남성,60대,10642
202101,06~09,남성,70대 이상,1749
202101,06~09,여성,20대 이하,7726
202101,06~09,여성,30대,16492
202101,06~09,여성,40대,21926
202101,06~09,여성,50대,17303
202101,06~09,여성,60대,4036
202101,06~09,여성,70대 이상,703
202101,09~12,남성,20대 이하,34929
202101,09~12,남성,30대,116911
202101,09~12,남성,40대,171516
202101,09~12,남성,50대,122592
202101,09~12,남성,60대,44515
202101,09~12,남성,70대 이상,9152
202101,09~12,여성,20대 이하,39419
202101,09~12,여성,30대,105169
202101,09~12,여성,40대,139544
202101,09~12,여성,50대,99757
202101,09~12,여성,60대,31302
202101,09~12,여성,70대 이상,6704
202101,12~15,남성,20대 이하,87635
202101,12~15,남성,30대,289354
202101,12~15,남성,40대,409168
202101,12~15,남성,50대,320045
202101,12~15,남성,60대,123498
202101,12~15,남성,70대 이상,30572
202101,12~15,여성,20대 이하,114824
202101,12~15,여성,30대,260911
202101,12~15,여성,40대,341170
202101,12~15,여성,50대,260320
202101,12~15,여성,60대,90059
202101,12~15,여성,70대 이상,18458
202101,15~18,남성,20대 이하,61875
202101,15~18,남성,30대,169927
202101,15~18,남성,40대,232443
202101,15~18,남성,50대,158514
202101,15~18,남성,60대,58087
202101,15~18,남성,70대 이상,13028
202101,15~18,여성,20대 이하,85223
202101,15~18,여성,30대,179392
202101,15~18,여성,40대,232444
202101,15~18,여성,50대,158754
202101,15~18,여성,60대,50805
202101,15~18,여성,70대 이상,10444
202101,18~21,남성,20대 이하,89576
202101,18~21,남성,30대,239298
202101,18~21,남성,40대,339893
202101,18~21,남성,50대,263522
202101,18~21,남성,60대,86491
202101,18~21,남성,70대 이상,13954
202101,18~21,여성,20대 이하,99241
202101,18~21,여성,30대,173374
202101,18~21,여성,40대,237203
202101,18~21,여성,50대,180157
202101,18~21,여성,60대,48176
202101,18~21,여성,70대 이상,8725
202101,21~24,남성,20대 이하,20861
202101,21~24,남성,30대,46007
202101,21~24,남성,40대,54126
202101,21~24,남성,50대,35742
202101,21~24,남성,60대,7977
202101,21~24,남성,70대 이상,839
202101,21~24,여성,20대 이하,17464
202101,21~24,여성,30대,24388
202101,21~24,여성,40대,33053
202101,21~24,여성,50대,25954
202101,21~24,여성,60대,6347
202101,21~24,여성,70대 이상,1481
202102,00~06,남성,20대 이하,13934
202102,00~06,남성,30대,16243
202102,00~06,남성,40대,14210
202102,00~06,남성,50대,8795
202102,00~06,남성,60대,1947
202102,00~06,남성,70대 이상,116
202102,00~06,여성,20대 이하,7932
202102,00~06,여성,30대,7327
202102,00~06,여성,40대,5918
202102,00~06,여성,50대,5342
202102,00~06,여성,60대,1507
202102,00~06,여성,70대 이상,112
202102,06~09,남성,20대 이하,6630
202102,06~09,남성,30대,23433
202102,06~09,남성,40대,37053
202102,06~09,남성,50대,29336
202102,06~09,남성,60대,11644
202102,06~09,남성,70대 이상,1993
202102,06~09,여성,20대 이하,8592
202102,06~09,여성,30대,18554
202102,06~09,여성,40대,26120
202102,06~09,여성,50대,19208
202102,06~09,여성,60대,5328
202102,06~09,여성,70대 이상,955
202102,09~12,남성,20대 이하,42625
202102,09~12,남성,30대,142288
202102,09~12,남성,40대,195625
202102,09~12,남성,50대,139755
202102,09~12,남성,60대,48001
202102,09~12,남성,70대 이상,9905
202102,09~12,여성,20대 이하,52816
202102,09~12,여성,30대,138090
202102,09~12,여성,40대,168805
202102,09~12,여성,50대,115299
202102,09~12,여성,60대,33892
202102,09~12,여성,70대 이상,7123
202102,12~15,남성,20대 이하,103099
202102,12~15,남성,30대,324908
202102,12~15,남성,40대,447773
202102,12~15,남성,50대,329370
202102,12~15,남성,60대,126315
202102,12~15,남성,70대 이상,31241
202102,12~15,여성,20대 이하,135002
202102,12~15,여성,30대,306554
202102,12~15,여성,40대,378710
202102,12~15,여성,50대,275584
202102,12~15,여성,60대,89769
202102,12~15,여성,70대 이상,18698
202102,15~18,남성,20대 이하,70128
202102,15~18,남성,30대,193612
202102,15~18,남성,40대,244148
202102,15~18,남성,50대,162942
202102,15~18,남성,60대,57039
202102,15~18,남성,70대 이상,11572
202102,15~18,여성,20대 이하,100443
202102,15~18,여성,30대,210429
202102,15~18,여성,40대,249926
202102,15~18,여성,50대,169633
202102,15~18,여성,60대,51702
202102,15~18,여성,70대 이상,9791
202102,18~21,남성,20대 이하,96543
202102,18~21,남성,30대,251610
202102,18~21,남성,40대,363920
202102,18~21,남성,50대,271519
202102,18~21,남성,60대,91142
202102,18~21,남성,70대 이상,15028
202102,18~21,여성,20대 이하,109975
202102,18~21,여성,30대,201880
202102,18~21,여성,40대,254096
202102,18~21,여성,50대,187144
202102,18~21,여성,60대,52266
202102,18~21,여성,70대 이상,9881
202102,21~24,남성,20대 이하,41666
202102,21~24,남성,30대,87505
202102,21~24,남성,40대,104014
202102,21~24,남성,50대,72879
202102,21~24,남성,60대,16141
202102,21~24,남성,70대 이상,1953
202102,21~24,여성,20대 이하,40850
202102,21~24,여성,30대,51269
202102,21~24,여성,40대,56449
202102,21~24,여성,50대,43081
202102,21~24,여성,60대,9866
202102,21~24,여성,70대 이상,2676
202103,00~06,남성,20대 이하,31207
202103,00~06,남성,30대,39588
202103,00~06,남성,40대,37589
202103,00~06,남성,50대,20918
202103,00~06,남성,60대,4930
202103,00~06,남성,70대 이상,457
202103,00~06,여성,20대 이하,20473
202103,00~06,여성,30대,17098
202103,00~06,여성,40대,13891
202103,00~06,여성,50대,10212
202103,00~06,여성,60대,2623
202103,00~06,여성,70대 이상,668
202103,06~09,남성,20대 이하,9932
202103,06~09,남성,30대,31643
202103,06~09,남성,40대,45784
202103,06~09,남성,50대,35949
202103,06~09,남성,60대,18009
202103,06~09,남성,70대 이상,2759
202103,06~09,여성,20대 이하,11410
202103,06~09,여성,30대,27249
202103,06~09,여성,40대,32011
202103,06~09,여성,50대,26533
202103,06~09,여성,60대,8291
202103,06~09,여성,70대 이상,1703
202103,09~12,남성,20대 이하,58233
202103,09~12,남성,30대,194927
202103,09~12,남성,40대,208216
202103,09~12,남성,50대,151839
202103,09~12,남성,60대,60242
202103,09~12,남성,70대 이상,13429
202103,09~12,여성,20대 이하,74784
202103,09~12,여성,30대,187099
202103,09~12,여성,40대,183424
202103,09~12,여성,50대,142951
202103,09~12,여성,60대,48753
202103,09~12,여성,70대 이상,8721
202103,12~15,남성,20대 이하,128677
202103,12~15,남성,30대,410505
202103,12~15,남성,40대,468831
202103,12~15,남성,50대,356894
202103,12~15,남성,60대,160989
202103,12~15,남성,70대 이상,40860
202103,12~15,여성,20대 이하,179683
202103,12~15,여성,30대,400831
202103,12~15,여성,40대,399680
202103,12~15,여성,50대,327166
202103,12~15,여성,60대,120965
202103,12~15,여성,70대 이상,25635
202103,15~18,남성,20대 이하,79347
202103,15~18,남성,30대,234866
202103,15~18,남성,40대,235120
202103,15~18,남성,50대,160333
202103,15~18,남성,60대,66024
202103,15~18,남성,70대 이상,13159
202103,15~18,여성,20대 이하,124863
202103,15~18,여성,30대,256173
202103,15~18,여성,40대,246910
202103,15~18,여성,50대,191825
202103,15~18,여성,60대,67868
202103,15~18,여성,70대 이상,13292
202103,18~21,남성,20대 이하,107305
202103,18~21,남성,30대,301620
202103,18~21,남성,40대,345665
202103,18~21,남성,50대,286060
202103,18~21,남성,60대,116987
202103,18~21,남성,70대 이상,20091
202103,18~21,여성,20대 이하,136811
202103,18~21,여성,30대,256080
202103,18~21,여성,40대,266515
202103,18~21,여성,50대,228456
202103,18~21,여성,60대,71936
202103,18~21,여성,70대 이상,14090
202103,21~24,남성,20대 이하,59878
202103,21~24,남성,30대,133564
202103,21~24,남성,40대,150699
202103,21~24,남성,50대,105644
202103,21~24,남성,60대,27705
202103,21~24,남성,70대 이상,3430
202103,21~24,여성,20대 이하,61576
202103,21~24,여성,30대,82251
202103,21~24,여성,40대,76427
202103,21~24,여성,50대,61643
202103,21~24,여성,60대,16292
202103,21~24,여성,70대 이상,3545
202104,00~06,남성,20대 이하,31674
202104,00~06,남성,30대,45756
202104,00~06,남성,40대,44973
202104,00~06,남성,50대,27775
202104,00~06,남성,60대,5409
202104,00~06,남성,70대 이상,686
202104,00~06,여성,20대 이하,21822
202104,00~06,여성,30대,21249
202104,00~06,여성,40대,16362
202104,00~06,여성,50대,11879
202104,00~06,여성,60대,3461
202104,00~06,여성,70대 이상,838
202104,06~09,남성,20대 이하,10374
202104,06~09,남성,30대,37447
202104,06~09,남성,40대,53928
202104,06~09,남성,50대,43245
202104,06~09,남성,60대,21714
202104,06~09,남성,70대 이상,3789
202104,06~09,여성,20대 이하,12897
202104,06~09,여성,30대,33269
202104,06~09,여성,40대,38385
202104,06~09,여성,50대,31754
202104,06~09,여성,60대,11727
202104,06~09,여성,70대 이상,1796
202104,09~12,남성,20대 이하,64105
202104,09~12,남성,30대,222822
202104,09~12,남성,40대,238299
202104,09~12,남성,50대,165137
202104,09~12,남성,60대,71491
202104,09~12,남성,70대 이상,13595
202104,09~12,여성,20대 이하,88862
202104,09~12,여성,30대,225966
202104,09~12,여성,40대,200056
202104,09~12,여성,50대,164425
202104,09~12,여성,60대,60591
202104,09~12,여성,70대 이상,11316
202104,12~15,남성,20대 이하,135125
202104,12~15,남성,30대,472818
202104,12~15,남성,40대,510871
202104,12~15,남성,50대,381919
202104,12~15,남성,60대,172741
202104,12~15,남성,70대 이상,42701
202104,12~15,여성,20대 이하,201872
202104,12~15,여성,30대,467341
202104,12~15,여성,40대,428737
202104,12~15,여성,50대,354773
202104,12~15,여성,60대,142500
202104,12~15,여성,70대 이상,28068
202104,15~18,남성,20대 이하,89060
202104,15~18,남성,30대,271390
202104,15~18,남성,40대,268801
202104,15~18,남성,50대,169554
202104,15~18,남성,60대,73282
202104,15~18,남성,70대 이상,15186
202104,15~18,여성,20대 이하,145212
202104,15~18,여성,30대,308275
202104,15~18,여성,40대,267514
202104,15~18,여성,50대,205052
202104,15~18,여성,60대,79306
202104,15~18,여성,70대 이상,14630
202104,18~21,남성,20대 이하,113412
202104,18~21,남성,30대,347641
202104,18~21,남성,40대,392790
202104,18~21,남성,50대,308197
202104,18~21,남성,60대,130955
202104,18~21,남성,70대 이상,23473
202104,18~21,여성,20대 이하,159061
202104,18~21,여성,30대,312292
202104,18~21,여성,40대,293918
202104,18~21,여성,50대,245645
202104,18~21,여성,60대,87475
202104,18~21,여성,70대 이상,16002
202104,21~24,남성,20대 이하,69291
202104,21~24,남성,30대,160998
202104,21~24,남성,40대,165884
202104,21~24,남성,50대,113469
202104,21~24,남성,60대,32635
202104,21~24,남성,70대 이상,4431
202104,21~24,여성,20대 이하,72252
202104,21~24,여성,30대,100680
202104,21~24,여성,40대,89930
202104,21~24,여성,50대,66939
202104,21~24,여성,60대,18184
202104,21~24,여성,70대 이상,3575
202105,00~06,남성,20대 이하,32944
202105,00~06,남성,30대,52087
202105,00~06,남성,40대,52029
202105,00~06,남성,50대,31421
202105,00~06,남성,60대,6682
202105,00~06,남성,70대 이상,841
202105,00~06,여성,20대 이하,24483
202105,00~06,여성,30대,26161
202105,00~06,여성,40대,20987
202105,00~06,여성,50대,15882
202105,00~06,여성,60대,4460
202105,00~06,여성,70대 이상,1040
202105,06~09,남성,20대 이하,13698
202105,06~09,남성,30대,43618
202105,06~09,남성,40대,60850
202105,06~09,남성,50대,51157
202105,06~09,남성,60대,27081
202105,06~09,남성,70대 이상,5347
202105,06~09,여성,20대 이하,15998
202105,06~09,여성,30대,38681
202105,06~09,여성,40대,46491
202105,06~09,여성,50대,41020
202105,06~09,여성,60대,17103
202105,06~09,여성,70대 이상,2880
202105,09~12,남성,20대 이하,78705
202105,09~12,남성,30대,239132
202105,09~12,남성,40대,261993
202105,09~12,남성,50대,196668
202105,09~12,남성,60대,93862
202105,09~12,남성,70대 이상,19603
202105,09~12,여성,20대 이하,99125
202105,09~12,여성,30대,232616
202105,09~12,여성,40대,227230
202105,09~12,여성,50대,193724
202105,09~12,여성,60대,81388
202105,09~12,여성,70대 이상,16804
202105,12~15,남성,20대 이하,157945
202105,12~15,남성,30대,459787
202105,12~15,남성,40대,522858
202105,12~15,남성,50대,420783
202105,12~15,남성,60대,212654
202105,12~15,남성,70대 이상,59310
202105,12~15,여성,20대 이하,208611
202105,12~15,여성,30대,443765
202105,12~15,여성,40대,460288
202105,12~15,여성,50대,392780
202105,12~15,여성,60대,179824
202105,12~15,여성,70대 이상,41127
202105,15~18,남성,20대 이하,108915
202105,15~18,남성,30대,291091
202105,15~18,남성,40대,306726
202105,15~18,남성,50대,211051
202105,15~18,남성,60대,99261
202105,15~18,남성,70대 이상,23076
202105,15~18,여성,20대 이하,156620
202105,15~18,여성,30대,309207
202105,15~18,여성,40대,301755
202105,15~18,여성,50대,243361
202105,15~18,여성,60대,106288
202105,15~18,여성,70대 이상,22977
202105,18~21,남성,20대 이하,134751
202105,18~21,남성,30대,365326
202105,18~21,남성,40대,431556
202105,18~21,남성,50대,362968
202105,18~21,남성,60대,167191
202105,18~21,남성,70대 이상,32879
202105,18~21,여성,20대 이하,175627
202105,18~21,여성,30대,327759
202105,18~21,여성,40대,335435
202105,18~21,여성,50대,291870
202105,18~21,여성,60대,115998
202105,18~21,여성,70대 이상,23101
202105,21~24,남성,20대 이하,81194
202105,21~24,남성,30대,184293
202105,21~24,남성,40대,197166
202105,21~24,남성,50대,141646
202105,21~24,남성,60대,42808
202105,21~24,남성,70대 이상,6025
202105,21~24,여성,20대 이하,85929
202105,21~24,여성,30대,122918
202105,21~24,여성,40대,115257
202105,21~24,여성,50대,87459
202105,21~24,여성,60대,25379
202105,21~24,여성,70대 이상,4978
202106,00~06,남성,20대 이하,25766
202106,00~06,남성,30대,40609
202106,00~06,남성,40대,39752
202106,00~06,남성,50대,22404
202106,00~06,남성,60대,4845
202106,00~06,남성,70대 이상,646
202106,00~06,여성,20대 이하,19099
202106,00~06,여성,30대,20577
202106,00~06,여성,40대,16848
202106,00~06,여성,50대,12878
202106,00~06,여성,60대,3597
202106,00~06,여성,70대 이상,842
202106,06~09,남성,20대 이하,12205
202106,06~09,남성,30대,38917
202106,06~09,남성,40대,54134
202106,06~09,남성,50대,44996
202106,06~09,남성,60대,23657
202106,06~09,남성,70대 이상,4615
202106,06~09,여성,20대 이하,14424
202106,06~09,여성,30대,34520
202106,06~09,여성,40대,41308
202106,06~09,여성,50대,36284
202106,06~09,여성,60대,14819
202106,06~09,여성,70대 이상,2571
202106,09~12,남성,20대 이하,75315
202106,09~12,남성,30대,215189
202106,09~12,남성,40대,234380
202106,09~12,남성,50대,176235
202106,09~12,남성,60대,83552
202106,09~12,남성,70대 이상,17399
202106,09~12,여성,20대 이하,89689
202106,09~12,여성,30대,209287
202106,09~12,여성,40대,203258
202106,09~12,여성,50대,172697
202106,09~12,여성,60대,72865
202106,09~12,여성,70대 이상,14888
202106,12~15,남성,20대 이하,143617
202106,12~15,남성,30대,414216
202106,12~15,남성,40대,467672
202106,12~15,남성,50대,374627
202106,12~15,남성,60대,188298
202106,12~15,남성,70대 이상,52081
202106,12~15,여성,20대 이하,188200
202106,12~15,여성,30대,399188
202106,12~15,여성,40대,417053
202106,12~15,여성,50대,350742
202106,12~15,여성,60대,159364
202106,12~15,여성,70대 이상,36554
202106,15~18,남성,20대 이하,99175
202106,15~18,남성,30대,262436
202106,15~18,남성,40대,278554
202106,15~18,남성,50대,189337
202106,15~18,남성,60대,92029
202106,15~18,남성,70대 이상,20464
202106,15~18,여성,20대 이하,145025
202106,15~18,여성,30대,277668
202106,15~18,여성,40대,271092
202106,15~18,여성,50대,217564
202106,15~18,여성,60대,95139
202106,15~18,여성,70대 이상,20397
202106,18~21,남성,20대 이하,120799
202106,18~21,남성,30대,329232
202106,18~21,남성,40대,382685
202106,18~21,남성,50대,320305
202106,18~21,남성,60대,146454
202106,18~21,남성,70대 이상,28534
202106,18~21,여성,20대 이하,157110
202106,18~21,여성,30대,291799
202106,18~21,여성,40대,299157
202106,18~21,여성,50대,259403
202106,18~21,여성,60대,102111
202106,18~21,여성,70대 이상,20378
202106,21~24,남성,20대 이하,69620
202106,21~24,남성,30대,158453
202106,21~24,남성,40대,167183
202106,21~24,남성,50대,118768
202106,21~24,남성,60대,35729
202106,21~24,남성,70대 이상,4809
202106,21~24,여성,20대 이하,73836
202106,21~24,여성,30대,105829
202106,21~24,여성,40대,100446
202106,21~24,여성,50대,76128
202106,21~24,여성,60대,21805
202106,21~24,여성,70대 이상,4341
202107,00~06,남성,20대 이하,28707
202107,00~06,남성,30대,45159
202107,00~06,남성,40대,43889
202107,00~06,남성,50대,25048
202107,00~06,남성,60대,5357
202107,00~06,남성,70대 이상,713
202107,00~06,여성,20대 이하,21457
202107,00~06,여성,30대,22730
202107,00~06,여성,40대,18597
202107,00~06,여성,50대,14214
202107,00~06,여성,60대,3910
202107,00~06,여성,70대 이상,900
202107,06~09,남성,20대 이하,12875
202107,06~09,남성,30대,41025
202107,06~09,남성,40대,56883
202107,06~09,남성,50대,47172
202107,06~09,남성,60대,24902
202107,06~09,남성,70대 이상,4798
202107,06~09,여성,20대 이하,15168
202107,06~09,여성,30대,36369
202107,06~09,여성,40대,43266
202107,06~09,여성,50대,37722
202107,06~09,여성,60대,15358
202107,06~09,여성,70대 이상,2653
202107,09~12,남성,20대 이하,75281
202107,09~12,남성,30대,225805
202107,09~12,남성,40대,246301
202107,09~12,남성,50대,184136
202107,09~12,남성,60대,86487
202107,09~12,남성,70대 이상,17969
202107,09~12,여성,20대 이하,93858
202107,09~12,여성,30대,219130
202107,09~12,여성,40대,212884
202107,09~12,여성,50대,180139
202107,09~12,여성,60대,75505
202107,09~12,여성,70대 이상,15486
202107,12~15,남성,20대 이하,150464
202107,12~15,남성,30대,435229
202107,12~15,남성,40대,491480
202107,12~15,남성,50대,392254
202107,12~15,남성,60대,196352
202107,12~15,남성,70대 이상,53989
202107,12~15,여성,20대 이하,197839
202107,12~15,여성,30대,419509
202107,12~15,여성,40대,434403
202107,12~15,여성,50대,366811
202107,12~15,여성,60대,166340
202107,12~15,여성,70대 이상,38067
202107,15~18,남성,20대 이하,104512
202107,15~18,남성,30대,276184
202107,15~18,남성,40대,289921
202107,15~18,남성,50대,198527
202107,15~18,남성,60대,92138
202107,15~18,남성,70대 이상,21209
202107,15~18,여성,20대 이하,149062
202107,15~18,여성,30대,292325
202107,15~18,여성,40대,286080
202107,15~18,여성,50대,228623
202107,15~18,여성,60대,98903
202107,15~18,여성,70대 이상,21139
202107,18~21,남성,20대 이하,127620
202107,18~21,남성,30대,343743
202107,18~21,남성,40대,404435
202107,18~21,남성,50대,337252
202107,18~21,남성,60대,152828
202107,18~21,남성,70대 이상,29850
202107,18~21,여성,20대 이하,165904
202107,18~21,여성,30대,307895
202107,18~21,여성,40대,315867
202107,18~21,여성,50대,272438
202107,18~21,여성,60대,106325
202107,18~21,여성,70대 이상,21278
202107,21~24,남성,20대 이하,75318
202107,21~24,남성,30대,170836
202107,21~24,남성,40대,179840
202107,21~24,남성,50대,127695
202107,21~24,남성,60대,38046
202107,21~24,남성,70대 이상,5192
202107,21~24,여성,20대 이하,79802
202107,21~24,여성,30대,113655
202107,21~24,여성,40대,107802
202107,21~24,여성,50대,81564
202107,21~24,여성,60대,23197
202107,21~24,여성,70대 이상,4609
202108,00~06,남성,20대 이하,25182
202108,00~06,남성,30대,39002
202108,00~06,남성,40대,36380
202108,00~06,남성,50대,19179
202108,00~06,남성,60대,4248
202108,00~06,남성,70대 이상,574
202108,00~06,여성,20대 이하,18591
202108,00~06,여성,30대,19804
202108,00~06,여성,40대,16439
202108,00~06,여성,50대,12570
202108,00~06,여성,60대,3452
202108,00~06,여성,70대 이상,760
202108,06~09,남성,20대 이하,12690
202108,06~09,남성,30대,40452
202108,06~09,남성,40대,56492
202108,06~09,남성,50대,46684
202108,06~09,남성,60대,24335
202108,06~09,남성,70대 이상,4808
202108,06~09,여성,20대 이하,15087
202108,06~09,여성,30대,36174
202108,06~09,여성,40대,43473
202108,06~09,여성,50대,37305
202108,06~09,여성,60대,15205
202108,06~09,여성,70대 이상,2650
202108,09~12,남성,20대 이하,74878
202108,09~12,남성,30대,223555
202108,09~12,남성,40대,244492
202108,09~12,남성,50대,182500
202108,09~12,남성,60대,85666
202108,09~12,남성,70대 이상,17789
202108,09~12,여성,20대 이하,93240
202108,09~12,여성,30대,218178
202108,09~12,여성,40대,212303
202108,09~12,여성,50대,179115
202108,09~12,여성,60대,74948
202108,09~12,여성,70대 이상,15390
202108,12~15,남성,20대 이하,149051
202108,12~15,남성,30대,430123
202108,12~15,남성,40대,485298
202108,12~15,남성,50대,386831
202108,12~15,남성,60대,193332
202108,12~15,남성,70대 이상,53118
202108,12~15,여성,20대 이하,195984
202108,12~15,여성,30대,415348
202108,12~15,여성,40대,429417
202108,12~15,여성,50대,362555
202108,12~15,여성,60대,164010
202108,12~15,여성,70대 이상,37624
202108,15~18,남성,20대 이하,103863
202108,15~18,남성,30대,273438
202108,15~18,남성,40대,287502
202108,15~18,남성,50대,196518
202108,15~18,남성,60대,91062
202108,15~18,남성,70대 이상,20873
202108,15~18,여성,20대 이하,147807
202108,15~18,여성,30대,290071
202108,15~18,여성,40대,284310
202108,15~18,여성,50대,226511
202108,15~18,여성,60대,98075
202108,15~18,여성,70대 이상,20952
202108,18~21,남성,20대 이하,124667
202108,18~21,남성,30대,335291
202108,18~21,남성,40대,393234
202108,18~21,남성,50대,327454
202108,18~21,남성,60대,148158
202108,18~21,남성,70대 이상,29046
202108,18~21,여성,20대 이하,162756
202108,18~21,여성,30대,301520
202108,18~21,여성,40대,309845
202108,18~21,여성,50대,266147
202108,18~21,여성,60대,103867
202108,18~21,여성,70대 이상,20893
202108,21~24,남성,20대 이하,70977
202108,21~24,남성,30대,161006
202108,21~24,남성,40대,167546
202108,21~24,남성,50대,117754
202108,21~24,남성,60대,34838
202108,21~24,남성,70대 이상,4734
202108,21~24,여성,20대 이하,75878
202108,21~24,여성,30대,108293
202108,21~24,여성,40대,103372
202108,21~24,여성,50대,78262
202108,21~24,여성,60대,22112
202108,21~24,여성,70대 이상,4458
202109,00~06,남성,20대 이하,22820
202109,00~06,남성,30대,35581
202109,00~06,남성,40대,33742
202109,00~06,남성,50대,18472
202109,00~06,남성,60대,3952
202109,00~06,남성,70대 이상,491
202109,00~06,여성,20대 이하,16811
202109,00~06,여성,30대,18258
202109,00~06,여성,40대,15099
202109,00~06,여성,50대,11379
202109,00~06,여성,60대,3148
202109,00~06,여성,70대 이상,685
202109,06~09,남성,20대 이하,11637
202109,06~09,남성,30대,36715
202109,06~09,남성,40대,51531
202109,06~09,남성,50대,42663
202109,06~09,남성,60대,22196
202109,06~09,남성,70대 이상,4467
202109,06~09,여성,20대 이하,13919
202109,06~09,여성,30대,33014
202109,06~09,여성,40대,39623
202109,06~09,여성,50대,34350
202109,06~09,여성,60대,14029
202109,06~09,여성,70대 이상,2459
202109,09~12,남성,20대 이하,71315
202109,09~12,남성,30대,201052
202109,09~12,남성,40대,220626
202109,09~12,남성,50대,164844
202109,09~12,남성,60대,77446
202109,09~12,남성,70대 이상,16049
202109,09~12,여성,20대 이하,84086
202109,09~12,여성,30대,197010
202109,09~12,여성,40대,191773
202109,09~12,여성,50대,162158
202109,09~12,여성,60대,68004
202109,09~12,여성,70대 이상,14031
202109,12~15,남성,20대 이하,133254
202109,12~15,남성,30대,384440
202109,12~15,남성,40대,433343
202109,12~15,남성,50대,346601
202109,12~15,남성,60대,172458
202109,12~15,남성,70대 이상,47328
202109,12~15,여성,20대 이하,175631
202109,12~15,여성,30대,371990
202109,12~15,여성,40대,388455
202109,12~15,여성,50대,324727
202109,12~15,여성,60대,147326
202109,12~15,여성,70대 이상,33909
202109,15~18,남성,20대 이하,92682
202109,15~18,남성,30대,244465
202109,15~18,남성,40대,261311
202109,15~18,남성,50대,176079
202109,15~18,남성,60대,85998
202109,15~18,남성,70대 이상,18994
202109,15~18,여성,20대 이하,136830
202109,15~18,여성,30대,259958
202109,15~18,여성,40대,255124
202109,15~18,여성,50대,203494
202109,15~18,여성,60대,88367
202109,15~18,여성,70대 이상,18831
202109,18~21,남성,20대 이하,111278
202109,18~21,남성,30대,303150
202109,18~21,남성,40대,350085
202109,18~21,남성,50대,292139
202109,18~21,남성,60대,132492
202109,18~21,남성,70대 이상,25822
202109,18~21,여성,20대 이하,145649
202109,18~21,여성,30대,269460
202109,18~21,여성,40대,276307
202109,18~21,여성,50대,237788
202109,18~21,여성,60대,92881
202109,18~21,여성,70대 이상,18626
202109,21~24,남성,20대 이하,63386
202109,21~24,남성,30대,144265
202109,21~24,남성,40대,150033
202109,21~24,남성,50대,105862
202109,21~24,남성,60대,31594
202109,21~24,남성,70대 이상,4344
202109,21~24,여성,20대 이하,67727
202109,21~24,여성,30대,97063
202109,21~24,여성,40대,92437
202109,21~24,여성,50대,69686
202109,21~24,여성,60대,19913
202109,21~24,여성,70대 이상,3895
202110,00~06,남성,20대 이하,30570
202110,00~06,남성,30대,48454
202110,00~06,남성,40대,47868
202110,00~06,남성,50대,27481
202110,00~06,남성,60대,5871
202110,00~06,남성,70대 이상,718
202110,00~06,여성,20대 이하,22645
202110,00~06,여성,30대,24546
202110,00~06,여성,40대,20287
202110,00~06,여성,50대,15005
202110,00~06,여성,60대,4221
202110,00~06,여성,70대 이상,942
202110,06~09,남성,20대 이하,14281
202110,06~09,남성,30대,45312
202110,06~09,남성,40대,64120
202110,06~09,남성,50대,53555
202110,06~09,남성,60대,28215
202110,06~09,남성,70대 이상,5631
202110,06~09,여성,20대 이하,16905
202110,06~09,여성,30대,40379
202110,06~09,여성,40대,48688
202110,06~09,여성,50대,42679
202110,06~09,여성,60대,17510
202110,06~09,여성,70대 이상,3039
202110,09~12,남성,20대 이하,89152
202110,09~12,남성,30대,251195
202110,09~12,남성,40대,275795
202110,09~12,남성,50대,206792
202110,09~12,남성,60대,97717
202110,09~12,남성,70대 이상,20301
202110,09~12,여성,20대 이하,104333
202110,09~12,여성,30대,243995
202110,09~12,여성,40대,237316
202110,09~12,여성,50대,202191
202110,09~12,여성,60대,85224
202110,09~12,여성,70대 이상,17430
202110,12~15,남성,20대 이하,166533
202110,12~15,남성,30대,482747
202110,12~15,남성,40대,543535
202110,12~15,남성,50대,437056
202110,12~15,남성,60대,219283
202110,12~15,남성,70대 이상,60470
202110,12~15,여성,20대 이하,218822
202110,12~15,여성,30대,464215
202110,12~15,여성,40대,484397
202110,12~15,여성,50대,406463
202110,12~15,여성,60대,185794
202110,12~15,여성,70대 이상,42964
202110,15~18,남성,20대 이하,114758
202110,15~18,남성,30대,302673
202110,15~18,남성,40대,321115
202110,15~18,남성,50대,217899
202110,15~18,남성,60대,107778
202110,15~18,남성,70대 이상,23588
202110,15~18,여성,20대 이하,169277
202110,15~18,여성,30대,320320
202110,15~18,여성,40대,311617
202110,15~18,여성,50대,250621
202110,15~18,여성,60대,109552
202110,15~18,여성,70대 이상,23163
202110,18~21,남성,20대 이하,139742
202110,18~21,남성,30대,381099
202110,18~21,남성,40대,439199
202110,18~21,남성,50대,369526
202110,18~21,남성,60대,169427
202110,18~21,남성,70대 이상,33167
202110,18~21,여성,20대 이하,181962
202110,18~21,여성,30대,336851
202110,18~21,여성,40대,342979
202110,18~21,여성,50대,298539
202110,18~21,여성,60대,118094
202110,18~21,여성,70대 이상,23352
202110,21~24,남성,20대 이하,79981
202110,21~24,남성,30대,183909
202110,21~24,남성,40대,192043
202110,21~24,남성,50대,136998
202110,21~24,남성,60대,41385
202110,21~24,남성,70대 이상,5602
202110,21~24,여성,20대 이하,85599
202110,21~24,여성,30대,122599
202110,21~24,여성,40대,114572
202110,21~24,여성,50대,87020
202110,21~24,여성,60대,25276
202110,21~24,여성,70대 이상,4879
202111,00~06,남성,20대 이하,30896
202111,00~06,남성,30대,49428
202111,00~06,남성,40대,49607
202111,00~06,남성,50대,29767
202111,00~06,남성,60대,6253
202111,00~06,남성,70대 이상,826
202111,00~06,여성,20대 이하,23021
202111,00~06,여성,30대,24696
202111,00~06,여성,40대,20022
202111,00~06,여성,50대,14871
202111,00~06,여성,60대,4257
202111,00~06,여성,70대 이상,988
202111,06~09,남성,20대 이하,13069
202111,06~09,남성,30대,41280
202111,06~09,남성,40대,58495
202111,06~09,남성,50대,48914
202111,06~09,남성,60대,25970
202111,06~09,남성,70대 이상,5187
202111,06~09,여성,20대 이하,15389
202111,06~09,여성,30대,36760
202111,06~09,여성,40대,44217
202111,06~09,여성,50대,38924
202111,06~09,여성,60대,15897
202111,06~09,여성,70대 이상,2780
202111,09~12,남성,20대 이하,75149
202111,09~12,남성,30대,225713
202111,09~12,남성,40대,249129
202111,09~12,남성,50대,187477
202111,09~12,남성,60대,88707
202111,09~12,남성,70대 이상,18462
202111,09~12,여성,20대 이하,93616
202111,09~12,여성,30대,219204
202111,09~12,여성,40대,214302
202111,09~12,여성,50대,182836
202111,09~12,여성,60대,76939
202111,09~12,여성,70대 이상,15660
202111,12~15,남성,20대 이하,150540
202111,12~15,남성,30대,434640
202111,12~15,남성,40대,490922
202111,12~15,남성,50대,395922
202111,12~15,남성,60대,198782
202111,12~15,남성,70대 이상,54543
202111,12~15,여성,20대 이하,196308
202111,12~15,여성,30대,417424
202111,12~15,여성,40대,430491
202111,12~15,여성,50대,366976
202111,12~15,여성,60대,167033
202111,12~15,여성,70대 이상,38666
202111,15~18,남성,20대 이하,103085
202111,15~18,남성,30대,271316
202111,15~18,남성,40대,283817
202111,15~18,남성,50대,196682
202111,15~18,남성,60대,92020
202111,15~18,남성,70대 이상,21266
202111,15~18,여성,20대 이하,146593
202111,15~18,여성,30대,287122
202111,15~18,여성,40대,280349
202111,15~18,여성,50대,225526
202111,15~18,여성,60대,99258
202111,15~18,여성,70대 이상,20921
202111,18~21,남성,20대 이하,126843
202111,18~21,남성,30대,340979
202111,18~21,남성,40대,400990
202111,18~21,남성,50대,337323
202111,18~21,남성,60대,154476
202111,18~21,남성,70대 이상,30232
202111,18~21,여성,20대 이하,164982
202111,18~21,여성,30대,305268
202111,18~21,여성,40대,311466
202111,18~21,여성,50대,271343
202111,18~21,여성,60대,107288
202111,18~21,여성,70대 이상,21357
202111,21~24,남성,20대 이하,75395
202111,21~24,남성,30대,172173
202111,21~24,남성,40대,181419
202111,21~24,남성,50대,130252
202111,21~24,남성,60대,39920
202111,21~24,남성,70대 이상,5484
202111,21~24,여성,20대 이하,80025
202111,21~24,여성,30대,113956
202111,21~24,여성,40대,106189
202111,21~24,여성,50대,80625
202111,21~24,여성,60대,23455
202111,21~24,여성,70대 이상,4573
202112,00~06,남성,20대 이하,27421
202112,00~06,남성,30대,43674
202112,00~06,남성,40대,43284
202112,00~06,남성,50대,25850
202112,00~06,남성,60대,5524
202112,00~06,남성,70대 이상,718
202112,00~06,여성,20대 이하,20157
202112,00~06,여성,30대,21632
202112,00~06,여성,40대,17803
202112,00~06,여성,50대,13470
202112,00~06,여성,60대,3735
202112,00~06,여성,70대 이상,885
202112,06~09,남성,20대 이하,12438
202112,06~09,남성,30대,39221
202112,06~09,남성,40대,55661
202112,06~09,남성,50대,46670
202112,06~09,남성,60대,24780
202112,06~09,남성,70대 이상,4894
202112,06~09,여성,20대 이하,14597
202112,06~09,여성,30대,35236
202112,06~09,여성,40대,42314
202112,06~09,여성,50대,37379
202112,06~09,여성,60대,15163
202112,06~09,여성,70대 이상,2679
202112,09~12,남성,20대 이하,70629
202112,09~12,남성,30대,212617
202112,09~12,남성,40대,234406
202112,09~12,남성,50대,175980
202112,09~12,남성,60대,83219
202112,09~12,남성,70대 이상,17327
202112,09~12,여성,20대 이하,88119
202112,09~12,여성,30대,206702
202112,09~12,여성,40대,202852
202112,09~12,여성,50대,172686
202112,09~12,여성,60대,72440
202112,09~12,여성,70대 이상,14720
202112,12~15,남성,20대 이하,140906
202112,12~15,남성,30대,405877
202112,12~15,남성,40대,459832
202112,12~15,남성,50대,369341
202112,12~15,남성,60대,184799
202112,12~15,남성,70대 이상,50797
202112,12~15,여성,20대 이하,183476
202112,12~15,여성,30대,391501
202112,12~15,여성,40대,404063
202112,12~15,여성,50대,344151
202112,12~15,여성,60대,156058
202112,12~15,여성,70대 이상,35868
202112,15~18,남성,20대 이하,97456
202112,15~18,남성,30대,256699
202112,15~18,남성,40대,269872
202112,15~18,남성,50대,185925
202112,15~18,남성,60대,86903
202112,15~18,남성,70대 이상,20038
202112,15~18,여성,20대 이하,138489
202112,15~18,여성,30대,272002
202112,15~18,여성,40대,267089
202112,15~18,여성,50대,215038
202112,15~18,여성,60대,93824
202112,15~18,여성,70대 이상,19666
202112,18~21,남성,20대 이하,119560
202112,18~21,남성,30대,320783
202112,18~21,남성,40대,378537
202112,18~21,남성,50대,317651
202112,18~21,남성,60대,144161
202112,18~21,남성,70대 이상,28079
202112,18~21,여성,20대 이하,155046
202112,18~21,여성,30대,288546
202112,18~21,여성,40대,296532
202112,18~21,여성,50대,256725
202112,18~21,여성,60대,100520
202112,18~21,여성,70대 이상,20188
202112,21~24,남성,20대 이하,69952
202112,21~24,남성,30대,159650
202112,21~24,남성,40대,167698
202112,21~24,남성,50대,120008
202112,21~24,남성,60대,36629
202112,21~24,남성,70대 이상,5005
202112,21~24,여성,20대 이하,74123
202112,21~24,여성,30대,105924
202112,21~24,여성,40대,100160
202112,21~24,여성,50대,76249
202112,21~24,여성,60대,22143
202112,21~24,여성,70대 이상,4327
